"Details for Sum of ExtendedLineAmount - Months (ScheduledShipDate): Dec, Years (ScheduledShipDate): 2026, ItemSalesClassCode: Filling OP, ItemCode: N-4001                   (+)",Unnamed: 1,Unnamed: 2,Unnamed: 3,Unnamed: 4,Unnamed: 5,Unnamed: 6,Unnamed: 7,Unnamed: 8,Unnamed: 9,Unnamed: 10,Unnamed: 11,Unnamed: 12,Unnamed: 13,Unnamed: 14,Unnamed: 15,Unnamed: 16,Unnamed: 17,Unnamed: 18,Unnamed: 19,Unnamed: 20,Unnamed: 21,Unnamed: 22,Unnamed: 23,Unnamed: 24,Unnamed: 25,Unnamed: 26,Unnamed: 27
,,,,,,,,,,,,,,,,,,,,,,,,,,,
ScheduledShipDate,PromisedShipDate,SONumber,LineNumber,ShipToCode,ItemCode,ItemDescription,OrderQuantity,UnitPrice,ExtendedLineAmount,CustomerCode,ItemSalesClassCode,DropShip,SOTypeCode,FinalDestination,CustomerName,ShipToAddress1,ShipToAddress2,ShipToStateCode,ShipToZip,ParentDocumentNumber,Weight,OrderMessage,ShipToName,ShipToCity,ShippingInstructions,WarehouseCode,WarehouseName
2026-12-31 00:00:00,2026-01-09 00:00:00,0000064678,10,C54       ,4357,CURAD MEDIPLAST WART REMOVER CUR01496,112,57.96,6491.52,MEDL      ,MEDICAL   ,FALSE,SO,,"Medline Industries, Inc.",494 State Route 416,494 State Route 416,NY,12549,          ,0,,Medline Industries LP,Montgomery,,PCI-01    ,"STRUKMYER, LLC"
2026-12-31 00:00:00,2026-01-09 00:00:00,0000064676,10,K46       ,4357,CURAD MEDIPLAST WART REMOVER CUR01496,14,57.96,811.44,MEDL      ,MEDICAL   ,FALSE,SO,,"Medline Industries, Inc.","18601 Christopher Way, STE 100","18601 Christopher Way, STE 100",CA,95330,          ,0,,"Medline Industries, Inc.",Lathrop,,PCI-01    ,"STRUKMYER, LLC"
2026-12-31 00:00:00,2026-01-09 00:00:00,0000064675,10,C42       ,4357,CURAD MEDIPLAST WART REMOVER CUR01496,70,57.96,4057.2,MEDL      ,MEDICAL   ,FALSE,SO,,"Medline Industries, Inc.","3446 Highway 51 N, Suite 100",,MS,38672,          ,0,,Medline Industries LP,Southaven,,PCI-01    ,"STRUKMYER, LLC"
2026-12-31 00:00:00,2026-01-09 00:00:00,0000064674,10,C09       ,4357,CURAD MEDIPLAST WART REMOVER CUR01496,56,57.96,3245.76,MEDL      ,MEDICAL   ,FALSE,SO,,"Medline Industries, Inc.",1960 W Miro Way,,CA,92376,          ,0,,Medline Industries LP,Rialto,,PCI-01    ,"STRUKMYER, LLC"
2026-12-31 00:00:00,2026-01-09 00:00:00,0000064673,10,B06       ,4357,CURAD MEDIPLAST WART REMOVER CUR01496,84,57.96,4868.64,MEDL      ,MEDICAL   ,FALSE,SO,,"Medline Industries, Inc.","1 Medline Drive, Suite 100",,TX,75172,          ,0,,Medline Industries LP,Wilmer,,PCI-01    ,"STRUKMYER, LLC"
2026-12-31 00:00:00,2026-01-09 00:00:00,0000064672,10,K56       ,4357,CURAD MEDIPLAST WART REMOVER CUR01496,14,57.96,811.44,MEDL      ,MEDICAL   ,FALSE,SO,,"Medline Industries, Inc.",190 Medline Drive Suite 200,,GA,31324,          ,0,,Medline Industries LP,Richmond Hill,,PCI-01    ,"STRUKMYER, LLC"
2026-12-31 00:00:00,2026-01-09 00:00:00,0000064670,10,C05       ,4357,CURAD MEDIPLAST WART REMOVER CUR01496,28,57.96,1622.88,MEDL      ,MEDICAL   ,FALSE,SO,,"Medline Industries, Inc.",1062 Old Dixie Hwy,,FL,33823,          ,0,,Medline Industries LP,Auburndale,,PCI-01    ,"STRUKMYER, LLC"
2026-12-31 00:00:00,2026-01-09 00:00:00,0000064669,10,C03       ,4357,CURAD MEDIPLAST WART REMOVER CUR01496,140,57.96,8114.4,MEDL      ,MEDICAL   ,FALSE,SO,,"Medline Industries, Inc.",1500 Medline Place,,GA,30253,          ,0,,Medline Industries LP,McDonough,,PCI-01    ,"STRUKMYER, LLC"
2026-12-31 00:00:00,2026-01-09 00:00:00,0000064667,10,C47       ,4357,CURAD MEDIPLAST WART REMOVER CUR01496,28,57.96,1622.88,MEDL      ,MEDICAL   ,FALSE,SO,,"Medline Industries, Inc.",239 Belvidere Rd,,MD,21903,          ,0,,Medline Industries LP,Perryville,,PCI-01    ,"STRUKMYER, LLC"
2026-12-31 00:00:00,2025-12-26 00:00:00,0000064643,10,B24       ,4357,CURAD MEDIPLAST WART REMOVER CUR01496,28,57.96,1622.88,MEDL      ,MEDICAL   ,FALSE,SO,,"Medline Industries, Inc.",8001 SW 47th St.,,OK,73179,          ,0,,Medline Industries LP,Oklahoma City,,PCI-01    ,"STRUKMYER, LLC"
2026-12-31 00:00:00,2025-12-26 00:00:00,0000064642,10,C05       ,4357,CURAD MEDIPLAST WART REMOVER CUR01496,14,57.96,811.44,MEDL      ,MEDICAL   ,FALSE,SO,,"Medline Industries, Inc.",1062 Old Dixie Hwy,,FL,33823,          ,0,,Medline Industries LP,Auburndale,,PCI-01    ,"STRUKMYER, LLC"
2026-12-31 00:00:00,2025-12-26 00:00:00,0000064641,10,C02       ,4357,CURAD MEDIPLAST WART REMOVER CUR01496,182,57.96,10548.72,MEDL      ,MEDICAL   ,FALSE,SO,,"Medline Industries, Inc.","2200 Cornerstone Pkwy, Ste 100",,IL,60030,          ,0,,Medline Industries LP,Grayslake,,PCI-01    ,"STRUKMYER, LLC"
2026-12-31 00:00:00,2025-12-29 00:00:00,0000064639,10,C03       ,4357,CURAD MEDIPLAST WART REMOVER CUR01496,14,57.96,811.44,MEDL      ,MEDICAL   ,FALSE,SO,,"Medline Industries, Inc.",1500 Medline Place,,GA,30253,          ,0,,Medline Industries LP,McDonough,,PCI-01    ,"STRUKMYER, LLC"
2026-12-31 00:00:00,2025-12-26 00:00:00,0000064636,10,C47       ,4357,CURAD MEDIPLAST WART REMOVER CUR01496,14,57.96,811.44,MEDL      ,MEDICAL   ,FALSE,SO,,"Medline Industries, Inc.",239 Belvidere Rd,,MD,21903,          ,0,,Medline Industries LP,Perryville,,PCI-01    ,"STRUKMYER, LLC"
2026-12-31 00:00:00,2025-12-26 00:00:00,0000064635,10,C54       ,4357,CURAD MEDIPLAST WART REMOVER CUR01496,28,57.96,1622.88,MEDL      ,MEDICAL   ,FALSE,SO,,"Medline Industries, Inc.",494 State Route 416,494 State Route 416,NY,12549,          ,0,,Medline Industries LP,Montgomery,,PCI-01    ,"STRUKMYER, LLC"
2026-12-31 00:00:00,2025-12-29 00:00:00,0000064633,10,C42       ,4357,CURAD MEDIPLAST WART REMOVER CUR01496,28,57.96,1622.88,MEDL      ,MEDICAL   ,FALSE,SO,,"Medline Industries, Inc.","3446 Highway 51 N, Suite 100",,MS,38672,          ,0,,Medline Industries LP,Southaven,,PCI-01    ,"STRUKMYER, LLC"
2026-12-31 00:00:00,2025-12-29 00:00:00,0000064632,10,C02       ,4357,CURAD MEDIPLAST WART REMOVER CUR01496,182,57.96,10548.72,MEDL      ,MEDICAL   ,FALSE,SO,,"Medline Industries, Inc.","2200 Cornerstone Pkwy, Ste 100",,IL,60030,          ,0,,Medline Industries LP,Grayslake,,PCI-01    ,"STRUKMYER, LLC"
2026-12-31 00:00:00,2025-12-29 00:00:00,0000064631,10,K46       ,4357,CURAD MEDIPLAST WART REMOVER CUR01496,14,57.96,811.44,MEDL      ,MEDICAL   ,FALSE,SO,,"Medline Industries, Inc.","18601 Christopher Way, STE 100","18601 Christopher Way, STE 100",CA,95330,          ,0,,"Medline Industries, Inc.",Lathrop,,PCI-01    ,"STRUKMYER, LLC"
2026-12-31 00:00:00,2025-12-26 00:00:00,0000064630,10,C41       ,4357,CURAD MEDIPLAST WART REMOVER CUR01496,14,57.96,811.44,MEDL      ,MEDICAL   ,FALSE,SO,,"Medline Industries, Inc.",1040 Enterprise Parkway,,OH,43162,          ,0,,Medline Industries LP,West Jefferson,,PCI-01    ,"STRUKMYER, LLC"
2026-12-31 00:00:00,2025-12-29 00:00:00,0000064629,10,C09       ,4357,CURAD MEDIPLAST WART REMOVER CUR01496,28,57.96,1622.88,MEDL      ,MEDICAL   ,FALSE,SO,,"Medline Industries, Inc.",1960 W Miro Way,,CA,92376,          ,0,,Medline Industries LP,Rialto,,PCI-01    ,"STRUKMYER, LLC"
2026-12-31 00:00:00,2025-12-29 00:00:00,0000064628,10,C05       ,4357,CURAD MEDIPLAST WART REMOVER CUR01496,42,57.96,2434.32,MEDL      ,MEDICAL   ,FALSE,SO,,"Medline Industries, Inc.",1062 Old Dixie Hwy,,FL,33823,          ,0,,Medline Industries LP,Auburndale,,PCI-01    ,"STRUKMYER, LLC"
2026-12-31 00:00:00,2025-12-26 00:00:00,0000064627,10,C89       ,4357,CURAD MEDIPLAST WART REMOVER CUR01496,182,57.96,10548.72,MEDL      ,MEDICAL   ,FALSE,SO,,"Medline Industries, Inc.",251 Hilton Dr,,IN,47130,          ,0,,Medline Industries LP,Jeffersonville,,PCI-01    ,"STRUKMYER, LLC"
2026-12-31 00:00:00,2025-12-29 00:00:00,0000064626,10,B29       ,4357,CURAD MEDIPLAST WART REMOVER CUR01496,28,57.96,1622.88,MEDL      ,MEDICAL   ,FALSE,SO,,"Medline Industries, Inc.",13115 Brockton Lane N,,MN,55374,          ,0,,Medline Industries LP,Rogers,,PCI-01    ,"STRUKMYER, LLC"
2026-12-31 00:00:00,2025-12-26 00:00:00,0000064625,10,C09       ,4357,CURAD MEDIPLAST WART REMOVER CUR01496,56,57.96,3245.76,MEDL      ,MEDICAL   ,FALSE,SO,,"Medline Industries, Inc.",1960 W Miro Way,,CA,92376,          ,0,,Medline Industries LP,Rialto,,PCI-01    ,"STRUKMYER, LLC"
2026-12-31 00:00:00,2025-12-11 00:00:00,0000064573,10,C02       ,4357,CURAD MEDIPLAST WART REMOVER CUR01496,98,57.96,5680.08,MEDL      ,MEDICAL   ,FALSE,SO,,"Medline Industries, Inc.","2200 Cornerstone Pkwy, Ste 100",,IL,60030,          ,0,,Medline Industries LP,Grayslake,,PCI-01    ,"STRUKMYER, LLC"
2026-12-31 00:00:00,2025-12-11 00:00:00,0000064572,10,C03       ,4357,CURAD MEDIPLAST WART REMOVER CUR01496,28,57.96,1622.88,MEDL      ,MEDICAL   ,FALSE,SO,,"Medline Industries, Inc.",1500 Medline Place,,GA,30253,          ,0,,Medline Industries LP,McDonough,,PCI-01    ,"STRUKMYER, LLC"
2026-12-31 00:00:00,2025-12-11 00:00:00,0000064570,10,K56       ,4357,CURAD MEDIPLAST WART REMOVER CUR01496,14,57.96,811.44,MEDL      ,MEDICAL   ,FALSE,SO,,"Medline Industries, Inc.",190 Medline Drive Suite 200,,GA,31324,          ,0,,Medline Industries LP,Richmond Hill,,PCI-01    ,"STRUKMYER, LLC"
2026-12-31 00:00:00,2025-12-11 00:00:00,0000064567,10,C42       ,4357,CURAD MEDIPLAST WART REMOVER CUR01496,126,57.96,7302.96,MEDL      ,MEDICAL   ,FALSE,SO,,"Medline Industries, Inc.","3446 Highway 51 N, Suite 100",,MS,38672,          ,0,,Medline Industries LP,Southaven,,PCI-01    ,"STRUKMYER, LLC"
2026-12-31 00:00:00,2025-12-11 00:00:00,0000064565,10,C54       ,4357,CURAD MEDIPLAST WART REMOVER CUR01496,112,57.96,6491.52,MEDL      ,MEDICAL   ,FALSE,SO,,"Medline Industries, Inc.",494 State Route 416,494 State Route 416,NY,12549,          ,0,,Medline Industries LP,Montgomery,,PCI-01    ,"STRUKMYER, LLC"
2026-12-31 00:00:00,2025-11-28 00:00:00,0000064539,10,C47       ,4357,CURAD MEDIPLAST WART REMOVER CUR01496,42,57.96,2434.32,MEDL      ,MEDICAL   ,FALSE,SO,,"Medline Industries, Inc.",239 Belvidere Rd,,MD,21903,          ,0,,Medline Industries LP,Perryville,,PCI-01    ,"STRUKMYER, LLC"
2026-12-31 00:00:00,2025-11-28 00:00:00,0000064538,10,C75       ,4357,CURAD MEDIPLAST WART REMOVER CUR01496,14,57.96,811.44,MEDL      ,MEDICAL   ,FALSE,SO,,"Medline Industries, Inc.",3770 Hogum Bay Road Ne,,WA,98516,          ,0,,Medline Industries LP,Lacey,,PCI-01    ,"STRUKMYER, LLC"
2026-12-31 00:00:00,2025-11-28 00:00:00,0000064536,10,C42       ,4357,CURAD MEDIPLAST WART REMOVER CUR01496,28,57.96,1622.88,MEDL      ,MEDICAL   ,FALSE,SO,,"Medline Industries, Inc.","3446 Highway 51 N, Suite 100",,MS,38672,          ,0,,Medline Industries LP,Southaven,,PCI-01    ,"STRUKMYER, LLC"
2026-12-31 00:00:00,2025-11-28 00:00:00,0000064535,10,C41       ,4357,CURAD MEDIPLAST WART REMOVER CUR01496,14,57.96,811.44,MEDL      ,MEDICAL   ,FALSE,SO,,"Medline Industries, Inc.",1040 Enterprise Parkway,,OH,43162,          ,0,,Medline Industries LP,West Jefferson,,PCI-01    ,"STRUKMYER, LLC"
2026-12-31 00:00:00,2025-11-28 00:00:00,0000064534,10,K46       ,4357,CURAD MEDIPLAST WART REMOVER CUR01496,14,57.96,811.44,MEDL      ,MEDICAL   ,FALSE,SO,,"Medline Industries, Inc.","18601 Christopher Way, STE 100","18601 Christopher Way, STE 100",CA,95330,          ,0,,"Medline Industries, Inc.",Lathrop,,PCI-01    ,"STRUKMYER, LLC"
2026-12-31 00:00:00,2025-11-28 00:00:00,0000064533,10,C54       ,4357,CURAD MEDIPLAST WART REMOVER CUR01496,210,57.96,12171.6,MEDL      ,MEDICAL   ,FALSE,SO,,"Medline Industries, Inc.",494 State Route 416,494 State Route 416,NY,12549,          ,0,,Medline Industries LP,Montgomery,,PCI-01    ,"STRUKMYER, LLC"
2026-12-31 00:00:00,2025-11-28 00:00:00,0000064532,10,C40       ,4357,CURAD MEDIPLAST WART REMOVER CUR01496,28,57.96,1622.88,MEDL      ,MEDICAL   ,FALSE,SO,,"Medline Industries, Inc.",81 Campanelli Drive,,MA,01569,          ,0,,Medline Industries LP,UXBRIDGE,,PCI-01    ,"STRUKMYER, LLC"
2026-12-31 00:00:00,2025-11-28 00:00:00,0000064531,10,B30       ,4357,CURAD MEDIPLAST WART REMOVER CUR01496,14,57.96,811.44,MEDL      ,MEDICAL   ,FALSE,SO,,"Medline Industries, Inc.",1900 Meadowville Technology Parkway,,VA,23836,          ,0,,Medline Industries LP,Chester,,PCI-01    ,"STRUKMYER, LLC"
2026-12-31 00:00:00,2025-11-28 00:00:00,0000064527,10,C09       ,4357,CURAD MEDIPLAST WART REMOVER CUR01496,294,57.96,17040.24,MEDL      ,MEDICAL   ,FALSE,SO,,"Medline Industries, Inc.",1960 W Miro Way,,CA,92376,          ,0,,Medline Industries LP,Rialto,,PCI-01    ,"STRUKMYER, LLC"
2026-12-31 00:00:00,2025-11-24 00:00:00,0000064526,10,B29       ,4357,CURAD MEDIPLAST WART REMOVER CUR01496,28,57.96,1622.88,MEDL      ,MEDICAL   ,FALSE,SO,,"Medline Industries, Inc.",13115 Brockton Lane N,,MN,55374,          ,0,,Medline Industries LP,Rogers,,PCI-01    ,"STRUKMYER, LLC"
2026-12-31 00:00:00,2025-11-28 00:00:00,0000064524,10,B24       ,4357,CURAD MEDIPLAST WART REMOVER CUR01496,14,57.96,811.44,MEDL      ,MEDICAL   ,FALSE,SO,,"Medline Industries, Inc.",8001 SW 47th St.,,OK,73179,          ,0,,Medline Industries LP,Oklahoma City,,PCI-01    ,"STRUKMYER, LLC"
2026-12-31 00:00:00,2025-11-28 00:00:00,0000064523,10,C02       ,4357,CURAD MEDIPLAST WART REMOVER CUR01496,70,57.96,4057.2,MEDL      ,MEDICAL   ,FALSE,SO,,"Medline Industries, Inc.","2200 Cornerstone Pkwy, Ste 100",,IL,60030,          ,0,,Medline Industries LP,Grayslake,,PCI-01    ,"STRUKMYER, LLC"
2026-12-31 00:00:00,2025-11-28 00:00:00,0000064522,10,B49       ,4357,CURAD MEDIPLAST WART REMOVER CUR01496,182,57.96,10548.72,MEDL      ,MEDICAL   ,FALSE,SO,,"Medline Industries, Inc.",42500 Winchester Rd,,CA,925902570,          ,0,,Medline Industries LP,Temecula,,PCI-01    ,"STRUKMYER, LLC"
2026-12-31 00:00:00,2025-11-24 00:00:00,0000064486,10,C59       ,4357,CURAD MEDIPLAST WART REMOVER CUR01496,56,57.96,3245.76,MEDL      ,MEDICAL   ,FALSE,SO,,"Medline Industries, Inc.",2100 Industrial Park Rd,,LA,70401,          ,0,,"Medline Industries, LP",Hammond,,PCI-01    ,"STRUKMYER, LLC"
2026-12-31 00:00:00,2025-11-24 00:00:00,0000064485,10,C54       ,4357,CURAD MEDIPLAST WART REMOVER CUR01496,140,57.96,8114.4,MEDL      ,MEDICAL   ,FALSE,SO,,"Medline Industries, Inc.",494 State Route 416,494 State Route 416,NY,12549,          ,0,,Medline Industries LP,Montgomery,,PCI-01    ,"STRUKMYER, LLC"
2026-12-31 00:00:00,2025-11-24 00:00:00,0000064484,10,C42       ,4357,CURAD MEDIPLAST WART REMOVER CUR01496,56,57.96,3245.76,MEDL      ,MEDICAL   ,FALSE,SO,,"Medline Industries, Inc.","3446 Highway 51 N, Suite 100",,MS,38672,          ,0,,Medline Industries LP,Southaven,,PCI-01    ,"STRUKMYER, LLC"
2026-12-31 00:00:00,2026-12-31 00:00:00,0000063869,5,ATLANTA   ,7486,"CARDINAL HEALTH TELFA ADHESIVE DRESSING 3""x4"" 7643",900,259.272,233344.8,COVIDMA   ,MEDICAL   ,FALSE,SO,,Patient Recovery,110 Kendall Park Lane,,GA,30336          ,          ,0,Cardinal Blanket 18 Month PO,,,,,
2026-12-31 00:00:00,2026-12-31 00:00:00,0000063869,4,ATLANTA   ,7482,"CARDINAL HEALTH TELFA MINI ISLAND DRESSING 2""x3.75"" 7539LF",7500,32.88,246600,COVIDMA   ,MEDICAL   ,FALSE,SO,,Patient Recovery,110 Kendall Park Lane,,GA,30336          ,          ,0,Cardinal Blanket 18 Month PO,,,,,
2026-12-31 00:00:00,2026-12-31 00:00:00,0000063869,3,ATLANTA   ,7487,"CARDINAL HEALTH TELFA ADHESIVE DRESSING 2""x3"" 6017",900,269.76,242784,COVIDMA   ,MEDICAL   ,FALSE,SO,,Patient Recovery,110 Kendall Park Lane,,GA,30336          ,          ,0,Cardinal Blanket 18 Month PO,,,,,
2026-12-31 00:00:00,2026-12-31 00:00:00,0000063869,1,ATLANTA   ,7489,"CARDINAL HEALTH TELFA NON-ADHERENT DRESSING 2""x3"" 1961",900,108,97200,COVIDMA   ,MEDICAL   ,FALSE,SO,,Patient Recovery,110 Kendall Park Lane,,GA,30336          ,          ,0,Cardinal Blanket 18 Month PO,,,,,
2026-12-31 00:00:00,2025-12-01 00:00:00,0000063862,1,York      ,6339,THERBR PLUS PMINT RINSE 12/16OZ EXP CLM1557439,2500,23.17,57925,ORORA     ,Filling OP,FALSE,SO,,Orora Business Service Center,5197 Commerce Dr,,PA,17408          ,          ,0,,YK - C&D York,York,Need special certificate COA before shipped,PCI-01    ,"STRUKMYER, LLC"
2026-12-31 00:00:00,2023-02-15 00:00:00,0000059978,4,Langhorne ,6929,NEXGEL SILVER SEAL 2X3 HYDROGEL DRESSING,150,44.364,6654.6,Nexgel    ,MEDICAL   ,FALSE,SO,,Nexgel,2150 Cabot Blvd West,STE B,PA,19047          ,          ,0,,"Nexgel, Inc",Langhorne,,PCI-01    ,"STRUKMYER, LLC"
2026-12-31 00:00:00,2023-02-15 00:00:00,0000059978,3,Langhorne ,6930,NEXGEL TURF GUARD 2X3 HYDROGEL DRESSING,118,44.364,5234.95,Nexgel    ,MEDICAL   ,FALSE,SO,,Nexgel,2150 Cabot Blvd West,STE B,PA,19047          ,          ,0,,"Nexgel, Inc",Langhorne,,PCI-01    ,"STRUKMYER, LLC"
2026-12-31 00:00:00,2023-02-15 00:00:00,0000059978,2,Langhorne ,6929,NEXGEL SILVER SEAL 2X3 HYDROGEL DRESSING,31,44.364,1375.28,Nexgel    ,MEDICAL   ,FALSE,SO,,Nexgel,2150 Cabot Blvd West,STE B,PA,19047          ,          ,0,,"Nexgel, Inc",Langhorne,,PCI-01    ,"STRUKMYER, LLC"
2026-12-29 00:00:00,1900-01-02 00:00:00,0000065006,1,LAREDO    ,6039,MEDLINE SURESITE 4 X 4.75 MSC2304,140,20.61,2885.4,MEDL      ,MEDICAL   ,FALSE,SO,,"Medline Industries, Inc.",12001 General Milton Dr,,TX,78045          ,          ,4,,Medline Industries,Laredo,"This location will be inactive Effective 7/17/17. new location 12001 General Milton Dr. Laredo, TX . If customer request NDA -  use  Fedex Collect # 326382027",PCI-01    ,"STRUKMYER, LLC"
2026-12-29 00:00:00,1900-01-02 00:00:00,0000065005,1,MORENO    ,6039,MEDLINE SURESITE 4 X 4.75 MSC2304,144,20.61,2967.84,MEDL      ,MEDICAL   ,FALSE,SO,,"Medline Industries, Inc.",16415 Cosmos Street,,CA,92551          ,          ,4,,Medline - SPT Division,Moreno Valley,call for dock appointment 951-296-2639 x 4237 or email yduran@medline.com,PCI-01    ,"STRUKMYER, LLC"
2026-12-29 00:00:00,1900-01-02 00:00:00,0000065004,1,NORTHPT   ,4785,"MEDLINE 119883 10""x16"" Instrument Drape",1,160,160,MEDL      ,MEDICAL   ,FALSE,SO,,"Medline Industries, Inc.",1170 South Northpoint Blvd.,,IL,60085          ,          ,14,,Medline - SPT Division,Waukegan,,PCI-01    ,"STRUKMYER, LLC"
2026-12-29 00:00:00,1900-01-02 00:00:00,0000064982,1,LAREDO    ,606,MEDISTRIP 1/8 IN X 3 IN BULK,1,193.8,193.8,MEDL      ,MEDICAL   ,FALSE,SO,,"Medline Industries, Inc.",12001 General Milton Dr,,TX,78045          ,          ,0,,Medline Industries,Laredo,"This location will be inactive Effective 7/17/17. new location 12001 General Milton Dr. Laredo, TX . If customer request NDA -  use  Fedex Collect # 326382027",PCI-01    ,"STRUKMYER, LLC"
2026-12-29 00:00:00,1900-01-02 00:00:00,0000064981,1,LAREDO    ,4785,"MEDLINE 119883 10""x16"" Instrument Drape",2,160,320,MEDL      ,MEDICAL   ,FALSE,SO,,"Medline Industries, Inc.",12001 General Milton Dr,,TX,78045          ,          ,14,,Medline Industries,Laredo,"This location will be inactive Effective 7/17/17. new location 12001 General Milton Dr. Laredo, TX . If customer request NDA -  use  Fedex Collect # 326382027",PCI-01    ,"STRUKMYER, LLC"
2026-12-29 00:00:00,1900-01-02 00:00:00,0000064974,5,FRANCE    ,3853,MEDISTRIP 1 IN X 4 IN BULK NON-STERILE,2,196.5,393,MEDL EURO ,MEDICAL   ,FALSE,SO,,Medline Assembly France SAS,Rue du President Kennedy,,..,44110          ,          ,0,,Medline Assembly France SAS,Chateaubriant,DHL EXPRESS WORLDWIDE 956478111.. ****Warehouse is opened from 5am to 1pm,PCI-01    ,"STRUKMYER, LLC"
2026-12-29 00:00:00,1900-01-02 00:00:00,0000064974,4,FRANCE    ,3852,MEDISTRIP 1/4 IN X 3 IN BULK NON-STERILE,1,119,119,MEDL EURO ,MEDICAL   ,FALSE,SO,,Medline Assembly France SAS,Rue du President Kennedy,,..,44110          ,          ,0,,Medline Assembly France SAS,Chateaubriant,DHL EXPRESS WORLDWIDE 956478111.. ****Warehouse is opened from 5am to 1pm,PCI-01    ,"STRUKMYER, LLC"
2026-12-29 00:00:00,1900-01-02 00:00:00,0000064974,3,FRANCE    ,3851,MEDISTRIP 1/4 IN X 4 IN BULK NON-STERILE 5/CD,5,195,975,MEDL EURO ,MEDICAL   ,FALSE,SO,,Medline Assembly France SAS,Rue du President Kennedy,,..,44110          ,          ,0,,Medline Assembly France SAS,Chateaubriant,DHL EXPRESS WORLDWIDE 956478111.. ****Warehouse is opened from 5am to 1pm,PCI-01    ,"STRUKMYER, LLC"
2026-12-29 00:00:00,1900-01-02 00:00:00,0000064974,2,FRANCE    ,3850,MEDISTRIP 1/2 IN X 4 IN BULK NONSTERILE 3/CD,4,1943,7772,MEDL EURO ,MEDICAL   ,FALSE,SO,,Medline Assembly France SAS,Rue du President Kennedy,,..,44110          ,          ,0,,Medline Assembly France SAS,Chateaubriant,DHL EXPRESS WORLDWIDE 956478111.. ****Warehouse is opened from 5am to 1pm,PCI-01    ,"STRUKMYER, LLC"
2026-12-29 00:00:00,1900-01-02 00:00:00,0000064974,1,FRANCE    ,3849,MEDISTRIP 1/4 IN X 1.5 IN BULK NON-STERILE,1,165,165,MEDL EURO ,MEDICAL   ,FALSE,SO,,Medline Assembly France SAS,Rue du President Kennedy,,..,44110          ,          ,0,,Medline Assembly France SAS,Chateaubriant,DHL EXPRESS WORLDWIDE 956478111.. ****Warehouse is opened from 5am to 1pm,PCI-01    ,"STRUKMYER, LLC"
2026-12-29 00:00:00,1900-01-02 00:00:00,0000064971,5,BILL      ,3853,MEDISTRIP 1 IN X 4 IN BULK NON-STERILE,5,196.5,982.5,MEDL SLOV ,MEDICAL   ,FALSE,SO,,Medline Assembly Slovakia S.R.O,Malobielicka 284/8,,..,95804          ,          ,0,,Medline Assembly Slovakia S.R.O,Partizanske,DHL EXPRESS Worldwide 954238829,PCI-01    ,"STRUKMYER, LLC"
2026-12-29 00:00:00,1900-01-02 00:00:00,0000064971,4,BILL      ,3852,MEDISTRIP 1/4 IN X 3 IN BULK NON-STERILE,3,119,357,MEDL SLOV ,MEDICAL   ,FALSE,SO,,Medline Assembly Slovakia S.R.O,Malobielicka 284/8,,..,95804          ,          ,0,,Medline Assembly Slovakia S.R.O,Partizanske,DHL EXPRESS Worldwide 954238829,PCI-01    ,"STRUKMYER, LLC"
2026-12-29 00:00:00,1900-01-02 00:00:00,0000064971,3,BILL      ,3851,MEDISTRIP 1/4 IN X 4 IN BULK NON-STERILE 5/CD,1,195,195,MEDL SLOV ,MEDICAL   ,FALSE,SO,,Medline Assembly Slovakia S.R.O,Malobielicka 284/8,,..,95804          ,          ,0,,Medline Assembly Slovakia S.R.O,Partizanske,DHL EXPRESS Worldwide 954238829,PCI-01    ,"STRUKMYER, LLC"
2026-12-29 00:00:00,1900-01-02 00:00:00,0000064971,2,BILL      ,3850,MEDISTRIP 1/2 IN X 4 IN BULK NONSTERILE 3/CD,3,1943,5829,MEDL SLOV ,MEDICAL   ,FALSE,SO,,Medline Assembly Slovakia S.R.O,Malobielicka 284/8,,..,95804          ,          ,0,,Medline Assembly Slovakia S.R.O,Partizanske,DHL EXPRESS Worldwide 954238829,PCI-01    ,"STRUKMYER, LLC"
2026-12-29 00:00:00,1900-01-02 00:00:00,0000064971,1,BILL      ,3849,MEDISTRIP 1/4 IN X 1.5 IN BULK NON-STERILE,1,165,165,MEDL SLOV ,MEDICAL   ,FALSE,SO,,Medline Assembly Slovakia S.R.O,Malobielicka 284/8,,..,95804          ,          ,0,,Medline Assembly Slovakia S.R.O,Partizanske,DHL EXPRESS Worldwide 954238829,PCI-01    ,"STRUKMYER, LLC"
2026-12-29 00:00:00,1900-01-02 00:00:00,0000064964,1,NORTHPT   ,6010,MEDLINE CURAD MEDISTRIP 1/2 X 4 IN STERILE NON250412,20,102,2040,MEDL      ,MEDICAL   ,FALSE,SO,,"Medline Industries, Inc.",1170 South Northpoint Blvd.,,IL,60085          ,          ,2,,Medline - SPT Division,Waukegan,,PCI-01    ,"STRUKMYER, LLC"
2026-12-29 00:00:00,1900-01-02 00:00:00,0000064960,1,LAREDO    ,610,MEDISTRIP 1 IN X 4 IN BULK,3,196.5,589.5,MEDL      ,MEDICAL   ,FALSE,SO,,"Medline Industries, Inc.",12001 General Milton Dr,,TX,78045          ,          ,4,,Medline Industries,Laredo,"This location will be inactive Effective 7/17/17. new location 12001 General Milton Dr. Laredo, TX . If customer request NDA -  use  Fedex Collect # 326382027",PCI-01    ,"STRUKMYER, LLC"
2026-12-29 00:00:00,1900-01-02 00:00:00,0000064957,1,LAREDO    ,4785,"MEDLINE 119883 10""x16"" Instrument Drape",9,160,1440,MEDL      ,MEDICAL   ,FALSE,SO,,"Medline Industries, Inc.",12001 General Milton Dr,,TX,78045          ,          ,14,,Medline Industries,Laredo,"This location will be inactive Effective 7/17/17. new location 12001 General Milton Dr. Laredo, TX . If customer request NDA -  use  Fedex Collect # 326382027",PCI-01    ,"STRUKMYER, LLC"
2026-12-29 00:00:00,1900-01-02 00:00:00,0000064953,20,C89       ,5116,MEDLINE OPTIFOAM THIN 2X3 MSC1523EP,4,63.42,253.68,MEDL      ,MEDICAL   ,FALSE,SO,,"Medline Industries, Inc.",251 Hilton Dr,,IN,47130,          ,0,,Medline Industries LP,Jeffersonville,,PCI-01    ,"STRUKMYER, LLC"
2026-12-29 00:00:00,1900-01-02 00:00:00,0000064951,30,C09       ,5117,MEDLINE OPTIFOAM THIN 4x4 MSC1544EP,11,94.6,1040.6,MEDL      ,MEDICAL   ,FALSE,SO,,"Medline Industries, Inc.",1960 W Miro Way,,CA,92376,          ,0,,Medline Industries LP,Rialto,,PCI-01    ,"STRUKMYER, LLC"
2026-12-29 00:00:00,1900-01-02 00:00:00,0000064951,20,C09       ,5116,MEDLINE OPTIFOAM THIN 2X3 MSC1523EP,10,63.42,634.2,MEDL      ,MEDICAL   ,FALSE,SO,,"Medline Industries, Inc.",1960 W Miro Way,,CA,92376,          ,0,,Medline Industries LP,Rialto,,PCI-01    ,"STRUKMYER, LLC"
2026-12-29 00:00:00,1900-01-02 00:00:00,0000064950,10,C03       ,5116,MEDLINE OPTIFOAM THIN 2X3 MSC1523EP,10,63.42,634.2,MEDL      ,MEDICAL   ,FALSE,SO,,"Medline Industries, Inc.",1500 Medline Place,,GA,30253,          ,0,,Medline Industries LP,McDonough,,PCI-01    ,"STRUKMYER, LLC"
2026-12-29 00:00:00,1900-01-02 00:00:00,0000064949,20,C46       ,5117,MEDLINE OPTIFOAM THIN 4x4 MSC1544EP,18,94.6,1702.8,MEDL      ,MEDICAL   ,FALSE,SO,,"Medline Industries, Inc.",5701 PROMONTORY PKWY,,CA,953779201,          ,0,,Medline Industries LP,TRACY,,PCI-01    ,"STRUKMYER, LLC"
2026-12-29 00:00:00,1900-01-02 00:00:00,0000064949,10,C46       ,5116,MEDLINE OPTIFOAM THIN 2X3 MSC1523EP,4,63.42,253.68,MEDL      ,MEDICAL   ,FALSE,SO,,"Medline Industries, Inc.",5701 PROMONTORY PKWY,,CA,953779201,          ,0,,Medline Industries LP,TRACY,,PCI-01    ,"STRUKMYER, LLC"
2026-12-29 00:00:00,1900-01-02 00:00:00,0000064948,10,B36       ,5117,MEDLINE OPTIFOAM THIN 4x4 MSC1544EP,1,94.6,94.6,MEDL      ,MEDICAL   ,FALSE,SO,,"Medline Industries, Inc.",1989 TRANSIT WAY,,NY,144203007,          ,0,,Medline Industries LP,BROCKPORT,,PCI-01    ,"STRUKMYER, LLC"
2026-12-29 00:00:00,1900-01-02 00:00:00,0000064946,20,C41       ,5116,MEDLINE OPTIFOAM THIN 2X3 MSC1523EP,15,63.42,951.3,MEDL      ,MEDICAL   ,FALSE,SO,,"Medline Industries, Inc.",1040 Enterprise Parkway,,OH,43162,          ,0,,Medline Industries LP,West Jefferson,,PCI-01    ,"STRUKMYER, LLC"
2026-12-29 00:00:00,1900-01-02 00:00:00,0000064943,10,C02       ,5117,MEDLINE OPTIFOAM THIN 4x4 MSC1544EP,3,94.6,283.8,MEDL      ,MEDICAL   ,FALSE,SO,,"Medline Industries, Inc.","2200 Cornerstone Pkwy, Ste 100",,IL,60030,          ,0,,Medline Industries LP,Grayslake,,PCI-01    ,"STRUKMYER, LLC"
2026-12-29 00:00:00,1900-01-02 00:00:00,0000064941,10,B51       ,5116,MEDLINE OPTIFOAM THIN 2X3 MSC1523EP,24,63.42,1522.08,MEDL      ,MEDICAL   ,FALSE,SO,,"Medline Industries, Inc.",60 Athletes Way N STE 100,,TN,37122,          ,0,,Medline Industries LP,Mount Juliet,,PCI-01    ,"STRUKMYER, LLC"
2026-12-29 00:00:00,1900-01-02 00:00:00,0000064930,2,MORENO    ,6008,"MEDLINE CURAD MEDISTRIP 1/4 X 1.5 IN, STERILE NON250114",1,71.94,71.94,MEDL      ,MEDICAL   ,FALSE,SO,,"Medline Industries, Inc.",16415 Cosmos Street,,CA,92551          ,          ,1,,Medline - SPT Division,Moreno Valley,call for dock appointment 951-296-2639 x 4237 or email yduran@medline.com,PCI-01    ,"STRUKMYER, LLC"
2026-12-29 00:00:00,1900-01-02 00:00:00,0000064930,1,MORENO    ,609,MEDISTRIP 1/4 IN X 3 IN BULK,74,119,8806,MEDL      ,MEDICAL   ,FALSE,SO,,"Medline Industries, Inc.",16415 Cosmos Street,,CA,92551          ,          ,1,,Medline - SPT Division,Moreno Valley,call for dock appointment 951-296-2639 x 4237 or email yduran@medline.com,PCI-01    ,"STRUKMYER, LLC"
2026-12-29 00:00:00,1900-01-02 00:00:00,0000064929,1,LAREDO    ,609,MEDISTRIP 1/4 IN X 3 IN BULK,8,119,952,MEDL      ,MEDICAL   ,FALSE,SO,,"Medline Industries, Inc.",12001 General Milton Dr,,TX,78045          ,          ,1,,Medline Industries,Laredo,"This location will be inactive Effective 7/17/17. new location 12001 General Milton Dr. Laredo, TX . If customer request NDA -  use  Fedex Collect # 326382027",PCI-01    ,"STRUKMYER, LLC"
2026-12-29 00:00:00,1900-01-02 00:00:00,0000064922,1,MORENO    ,609,MEDISTRIP 1/4 IN X 3 IN BULK,13,119,1547,MEDL      ,MEDICAL   ,FALSE,SO,,"Medline Industries, Inc.",16415 Cosmos Street,,CA,92551          ,          ,1,,Medline - SPT Division,Moreno Valley,call for dock appointment 951-296-2639 x 4237 or email yduran@medline.com,PCI-01    ,"STRUKMYER, LLC"
2026-12-29 00:00:00,1900-01-02 00:00:00,0000064916,1,LAREDO    ,609,MEDISTRIP 1/4 IN X 3 IN BULK,10,119,1190,MEDL      ,MEDICAL   ,FALSE,SO,,"Medline Industries, Inc.",12001 General Milton Dr,,TX,78045          ,          ,1,,Medline Industries,Laredo,"This location will be inactive Effective 7/17/17. new location 12001 General Milton Dr. Laredo, TX . If customer request NDA -  use  Fedex Collect # 326382027",PCI-01    ,"STRUKMYER, LLC"
2026-12-29 00:00:00,1900-01-02 00:00:00,0000064914,10,C89       ,5117,MEDLINE OPTIFOAM THIN 4x4 MSC1544EP,1,94.6,94.6,MEDL      ,MEDICAL   ,FALSE,SO,,"Medline Industries, Inc.",251 Hilton Dr,,IN,47130,          ,0,,Medline Industries LP,Jeffersonville,,PCI-01    ,"STRUKMYER, LLC"
2026-12-29 00:00:00,1900-01-02 00:00:00,0000064911,10,B06       ,5116,MEDLINE OPTIFOAM THIN 2X3 MSC1523EP,27,63.42,1712.34,MEDL      ,MEDICAL   ,FALSE,SO,,"Medline Industries, Inc.","1 Medline Drive, Suite 100",,TX,75172,          ,0,,Medline Industries LP,Wilmer,,PCI-01    ,"STRUKMYER, LLC"
2026-12-29 00:00:00,1900-01-02 00:00:00,0000064910,10,B48       ,5116,MEDLINE OPTIFOAM THIN 2X3 MSC1523EP,4,63.42,253.68,MEDL      ,MEDICAL   ,FALSE,SO,,"Medline Industries, Inc.",36445 Van Born Road STE 200,,MI,48174,          ,0,,Medline Industries LP,Romulus,,PCI-01    ,"STRUKMYER, LLC"
2026-12-29 00:00:00,1900-01-02 00:00:00,0000064908,20,C02       ,5117,MEDLINE OPTIFOAM THIN 4x4 MSC1544EP,3,94.6,283.8,MEDL      ,MEDICAL   ,FALSE,SO,,"Medline Industries, Inc.","2200 Cornerstone Pkwy, Ste 100",,IL,60030,          ,0,,Medline Industries LP,Grayslake,,PCI-01    ,"STRUKMYER, LLC"
2026-12-29 00:00:00,1900-01-02 00:00:00,0000064908,10,C02       ,5116,MEDLINE OPTIFOAM THIN 2X3 MSC1523EP,38,63.42,2409.96,MEDL      ,MEDICAL   ,FALSE,SO,,"Medline Industries, Inc.","2200 Cornerstone Pkwy, Ste 100",,IL,60030,          ,0,,Medline Industries LP,Grayslake,,PCI-01    ,"STRUKMYER, LLC"
2026-12-29 00:00:00,1900-01-02 00:00:00,0000064907,20,C05       ,5117,MEDLINE OPTIFOAM THIN 4x4 MSC1544EP,2,94.6,189.2,MEDL      ,MEDICAL   ,FALSE,SO,,"Medline Industries, Inc.",1062 Old Dixie Hwy,,FL,33823,          ,0,,Medline Industries LP,Auburndale,,PCI-01    ,"STRUKMYER, LLC"
2026-12-29 00:00:00,1900-01-02 00:00:00,0000064906,20,C32       ,5117,MEDLINE OPTIFOAM THIN 4x4 MSC1544EP,12,94.6,1135.2,MEDL      ,MEDICAL   ,FALSE,SO,,"Medline Industries, Inc.",29895 US HWY 90 BUS,,TX,77494,          ,0,,Medline Industries LP,Katy,,PCI-01    ,"STRUKMYER, LLC"
2026-12-29 00:00:00,1900-01-02 00:00:00,0000064905,30,C09       ,5117,MEDLINE OPTIFOAM THIN 4x4 MSC1544EP,6,94.6,567.6,MEDL      ,MEDICAL   ,FALSE,SO,,"Medline Industries, Inc.",1960 W Miro Way,,CA,92376,          ,0,,Medline Industries LP,Rialto,,PCI-01    ,"STRUKMYER, LLC"
2026-12-29 00:00:00,1900-01-02 00:00:00,0000064905,20,C09       ,5116,MEDLINE OPTIFOAM THIN 2X3 MSC1523EP,3,63.42,190.26,MEDL      ,MEDICAL   ,FALSE,SO,,"Medline Industries, Inc.",1960 W Miro Way,,CA,92376,          ,0,,Medline Industries LP,Rialto,,PCI-01    ,"STRUKMYER, LLC"
2026-12-29 00:00:00,1900-01-02 00:00:00,0000064903,10,C46       ,5117,MEDLINE OPTIFOAM THIN 4x4 MSC1544EP,2,94.6,189.2,MEDL      ,MEDICAL   ,FALSE,SO,,"Medline Industries, Inc.",5701 PROMONTORY PKWY,,CA,953779201,          ,0,,Medline Industries LP,TRACY,,PCI-01    ,"STRUKMYER, LLC"
2026-12-29 00:00:00,1900-01-02 00:00:00,0000064902,5,BILL      ,3853,MEDISTRIP 1 IN X 4 IN BULK NON-STERILE,6,196.5,1179,MEDL SLOV ,MEDICAL   ,FALSE,SO,,Medline Assembly Slovakia S.R.O,Malobielicka 284/8,,..,95804          ,          ,0,,Medline Assembly Slovakia S.R.O,Partizanske,DHL EXPRESS Worldwide 954238829,PCI-01    ,"STRUKMYER, LLC"
2026-12-29 00:00:00,1900-01-02 00:00:00,0000064902,4,BILL      ,3852,MEDISTRIP 1/4 IN X 3 IN BULK NON-STERILE,4,119,476,MEDL SLOV ,MEDICAL   ,FALSE,SO,,Medline Assembly Slovakia S.R.O,Malobielicka 284/8,,..,95804          ,          ,0,,Medline Assembly Slovakia S.R.O,Partizanske,DHL EXPRESS Worldwide 954238829,PCI-01    ,"STRUKMYER, LLC"
2026-12-29 00:00:00,1900-01-02 00:00:00,0000064902,3,BILL      ,3851,MEDISTRIP 1/4 IN X 4 IN BULK NON-STERILE 5/CD,2,195,390,MEDL SLOV ,MEDICAL   ,FALSE,SO,,Medline Assembly Slovakia S.R.O,Malobielicka 284/8,,..,95804          ,          ,0,,Medline Assembly Slovakia S.R.O,Partizanske,DHL EXPRESS Worldwide 954238829,PCI-01    ,"STRUKMYER, LLC"
2026-12-29 00:00:00,1900-01-02 00:00:00,0000064902,2,BILL      ,3850,MEDISTRIP 1/2 IN X 4 IN BULK NONSTERILE 3/CD,4,1943,7772,MEDL SLOV ,MEDICAL   ,FALSE,SO,,Medline Assembly Slovakia S.R.O,Malobielicka 284/8,,..,95804          ,          ,0,,Medline Assembly Slovakia S.R.O,Partizanske,DHL EXPRESS Worldwide 954238829,PCI-01    ,"STRUKMYER, LLC"
2026-12-29 00:00:00,1900-01-02 00:00:00,0000064902,1,BILL      ,3849,MEDISTRIP 1/4 IN X 1.5 IN BULK NON-STERILE,2,165,330,MEDL SLOV ,MEDICAL   ,FALSE,SO,,Medline Assembly Slovakia S.R.O,Malobielicka 284/8,,..,95804          ,          ,0,,Medline Assembly Slovakia S.R.O,Partizanske,DHL EXPRESS Worldwide 954238829,PCI-01    ,"STRUKMYER, LLC"
2026-12-29 00:00:00,1900-01-02 00:00:00,0000064897,1,NORTHPT   ,4785,"MEDLINE 119883 10""x16"" Instrument Drape",1,160,160,MEDL      ,MEDICAL   ,FALSE,SO,,"Medline Industries, Inc.",1170 South Northpoint Blvd.,,IL,60085          ,          ,14,,Medline - SPT Division,Waukegan,,PCI-01    ,"STRUKMYER, LLC"
2026-12-29 00:00:00,1900-01-02 00:00:00,0000064896,1,LAREDO    ,606,MEDISTRIP 1/8 IN X 3 IN BULK,1,193.8,193.8,MEDL      ,MEDICAL   ,FALSE,SO,,"Medline Industries, Inc.",12001 General Milton Dr,,TX,78045          ,          ,0,,Medline Industries,Laredo,"This location will be inactive Effective 7/17/17. new location 12001 General Milton Dr. Laredo, TX . If customer request NDA -  use  Fedex Collect # 326382027",PCI-01    ,"STRUKMYER, LLC"
2026-12-29 00:00:00,1900-01-02 00:00:00,0000064895,1,LAREDO    ,5117,MEDLINE OPTIFOAM THIN 4x4 MSC1544EP,3,94.6,283.8,MEDL      ,MEDICAL   ,FALSE,SO,,"Medline Industries, Inc.",12001 General Milton Dr,,TX,78045          ,          ,0,,Medline Industries,Laredo,"This location will be inactive Effective 7/17/17. new location 12001 General Milton Dr. Laredo, TX . If customer request NDA -  use  Fedex Collect # 326382027",PCI-01    ,"STRUKMYER, LLC"
2026-12-29 00:00:00,1900-01-02 00:00:00,0000064890,3,FRANCE    ,3852,MEDISTRIP 1/4 IN X 3 IN BULK NON-STERILE,1,119,119,MEDL EURO ,MEDICAL   ,FALSE,SO,,Medline Assembly France SAS,Rue du President Kennedy,,..,44110          ,          ,0,,Medline Assembly France SAS,Chateaubriant,DHL EXPRESS WORLDWIDE 956478111.. ****Warehouse is opened from 5am to 1pm,PCI-01    ,"STRUKMYER, LLC"
2026-12-29 00:00:00,1900-01-02 00:00:00,0000064890,2,FRANCE    ,3851,MEDISTRIP 1/4 IN X 4 IN BULK NON-STERILE 5/CD,4,195,780,MEDL EURO ,MEDICAL   ,FALSE,SO,,Medline Assembly France SAS,Rue du President Kennedy,,..,44110          ,          ,0,,Medline Assembly France SAS,Chateaubriant,DHL EXPRESS WORLDWIDE 956478111.. ****Warehouse is opened from 5am to 1pm,PCI-01    ,"STRUKMYER, LLC"
2026-12-29 00:00:00,1900-01-02 00:00:00,0000064890,1,FRANCE    ,3850,MEDISTRIP 1/2 IN X 4 IN BULK NONSTERILE 3/CD,2,1943,3886,MEDL EURO ,MEDICAL   ,FALSE,SO,,Medline Assembly France SAS,Rue du President Kennedy,,..,44110          ,          ,0,,Medline Assembly France SAS,Chateaubriant,DHL EXPRESS WORLDWIDE 956478111.. ****Warehouse is opened from 5am to 1pm,PCI-01    ,"STRUKMYER, LLC"
2026-12-29 00:00:00,1900-01-02 00:00:00,0000064872,1,LAREDO    ,609,MEDISTRIP 1/4 IN X 3 IN BULK,8,119,952,MEDL      ,MEDICAL   ,FALSE,SO,,"Medline Industries, Inc.",12001 General Milton Dr,,TX,78045          ,          ,1,,Medline Industries,Laredo,"This location will be inactive Effective 7/17/17. new location 12001 General Milton Dr. Laredo, TX . If customer request NDA -  use  Fedex Collect # 326382027",PCI-01    ,"STRUKMYER, LLC"
2026-12-29 00:00:00,1900-01-02 00:00:00,0000064871,1,LAREDO    ,5117,MEDLINE OPTIFOAM THIN 4x4 MSC1544EP,3,94.6,283.8,MEDL      ,MEDICAL   ,FALSE,SO,,"Medline Industries, Inc.",12001 General Milton Dr,,TX,78045          ,          ,0,,Medline Industries,Laredo,"This location will be inactive Effective 7/17/17. new location 12001 General Milton Dr. Laredo, TX . If customer request NDA -  use  Fedex Collect # 326382027",PCI-01    ,"STRUKMYER, LLC"
2026-12-29 00:00:00,1900-01-02 00:00:00,0000064868,20,C47       ,5117,MEDLINE OPTIFOAM THIN 4x4 MSC1544EP,7,94.6,662.2,MEDL      ,MEDICAL   ,FALSE,SO,,"Medline Industries, Inc.",239 Belvidere Rd,,MD,21903,          ,0,,Medline Industries LP,Perryville,,PCI-01    ,"STRUKMYER, LLC"
2026-12-29 00:00:00,1900-01-02 00:00:00,0000064867,20,C09       ,5117,MEDLINE OPTIFOAM THIN 4x4 MSC1544EP,10,94.6,946,MEDL      ,MEDICAL   ,FALSE,SO,,"Medline Industries, Inc.",1960 W Miro Way,,CA,92376,          ,0,,Medline Industries LP,Rialto,,PCI-01    ,"STRUKMYER, LLC"
2026-12-29 00:00:00,1900-01-02 00:00:00,0000064864,20,B48       ,5116,MEDLINE OPTIFOAM THIN 2X3 MSC1523EP,5,63.42,317.1,MEDL      ,MEDICAL   ,FALSE,SO,,"Medline Industries, Inc.",36445 Van Born Road STE 200,,MI,48174,          ,0,,Medline Industries LP,Romulus,,PCI-01    ,"STRUKMYER, LLC"
2026-12-29 00:00:00,1900-01-02 00:00:00,0000064863,20,C46       ,5117,MEDLINE OPTIFOAM THIN 4x4 MSC1544EP,9,94.6,851.4,MEDL      ,MEDICAL   ,FALSE,SO,,"Medline Industries, Inc.",5701 PROMONTORY PKWY,,CA,953779201,          ,0,,Medline Industries LP,TRACY,,PCI-01    ,"STRUKMYER, LLC"
2026-12-29 00:00:00,1900-01-02 00:00:00,0000064862,20,C50       ,5117,MEDLINE OPTIFOAM THIN 4x4 MSC1544EP,6,94.6,567.6,MEDL      ,MEDICAL   ,FALSE,SO,,"Medline Industries, Inc.",8787 W BUCKEYE RD,,AZ,853539399,          ,0,,Medline Industries LP,TOLLESON,,PCI-01    ,"STRUKMYER, LLC"
2026-12-29 00:00:00,1900-01-02 00:00:00,0000064861,20,C89       ,5117,MEDLINE OPTIFOAM THIN 4x4 MSC1544EP,8,94.6,756.8,MEDL      ,MEDICAL   ,FALSE,SO,,"Medline Industries, Inc.",251 Hilton Dr,,IN,47130,          ,0,,Medline Industries LP,Jeffersonville,,PCI-01    ,"STRUKMYER, LLC"
2026-12-29 00:00:00,1900-01-02 00:00:00,0000064859,20,B06       ,5117,MEDLINE OPTIFOAM THIN 4x4 MSC1544EP,1,94.6,94.6,MEDL      ,MEDICAL   ,FALSE,SO,,"Medline Industries, Inc.","1 Medline Drive, Suite 100",,TX,75172,          ,0,,Medline Industries LP,Wilmer,,PCI-01    ,"STRUKMYER, LLC"
2026-12-29 00:00:00,1900-01-02 00:00:00,0000064859,10,B06       ,5116,MEDLINE OPTIFOAM THIN 2X3 MSC1523EP,3,63.42,190.26,MEDL      ,MEDICAL   ,FALSE,SO,,"Medline Industries, Inc.","1 Medline Drive, Suite 100",,TX,75172,          ,0,,Medline Industries LP,Wilmer,,PCI-01    ,"STRUKMYER, LLC"
2026-12-29 00:00:00,1900-01-02 00:00:00,0000064856,10,C02       ,5116,MEDLINE OPTIFOAM THIN 2X3 MSC1523EP,2,63.42,126.84,MEDL      ,MEDICAL   ,FALSE,SO,,"Medline Industries, Inc.","2200 Cornerstone Pkwy, Ste 100",,IL,60030,          ,0,,Medline Industries LP,Grayslake,,PCI-01    ,"STRUKMYER, LLC"
2026-12-29 00:00:00,1900-01-02 00:00:00,0000064855,10,B06       ,5116,MEDLINE OPTIFOAM THIN 2X3 MSC1523EP,1,63.42,63.42,MEDL      ,MEDICAL   ,FALSE,SO,,"Medline Industries, Inc.","1 Medline Drive, Suite 100",,TX,75172,          ,0,,Medline Industries LP,Wilmer,,PCI-01    ,"STRUKMYER, LLC"
2026-12-29 00:00:00,1900-01-02 00:00:00,0000064851,1,MORENO    ,4785,"MEDLINE 119883 10""x16"" Instrument Drape",46,160,7360,MEDL      ,MEDICAL   ,FALSE,SO,,"Medline Industries, Inc.",16415 Cosmos Street,,CA,92551          ,          ,14,,Medline - SPT Division,Moreno Valley,call for dock appointment 951-296-2639 x 4237 or email yduran@medline.com,PCI-01    ,"STRUKMYER, LLC"
2026-12-29 00:00:00,2026-12-29 00:00:00,0000064850,2,NORTHPT   ,609,MEDISTRIP 1/4 IN X 3 IN BULK,1,119,119,MEDL      ,MEDICAL   ,FALSE,SO,,"Medline Industries, Inc.",1170 South Northpoint Blvd.,,IL,60085          ,          ,1,,Medline - SPT Division,Waukegan,,PCI-01    ,"STRUKMYER, LLC"
2026-12-29 00:00:00,1900-01-02 00:00:00,0000064849,2,LAREDO    ,6013,MEDLINE CURAD MEDI STRIP 1 X 5 NON250501,11,123,1353,MEDL      ,MEDICAL   ,FALSE,SO,,"Medline Industries, Inc.",12001 General Milton Dr,,TX,78045          ,          ,0,,Medline Industries,Laredo,"This location will be inactive Effective 7/17/17. new location 12001 General Milton Dr. Laredo, TX . If customer request NDA -  use  Fedex Collect # 326382027",PCI-01    ,"STRUKMYER, LLC"
2026-12-29 00:00:00,1900-01-02 00:00:00,0000064849,1,LAREDO    ,5117,MEDLINE OPTIFOAM THIN 4x4 MSC1544EP,3,94.6,283.8,MEDL      ,MEDICAL   ,FALSE,SO,,"Medline Industries, Inc.",12001 General Milton Dr,,TX,78045          ,          ,0,,Medline Industries,Laredo,"This location will be inactive Effective 7/17/17. new location 12001 General Milton Dr. Laredo, TX . If customer request NDA -  use  Fedex Collect # 326382027",PCI-01    ,"STRUKMYER, LLC"
2026-12-29 00:00:00,1900-01-02 00:00:00,0000064848,1,LAREDO    ,4785,"MEDLINE 119883 10""x16"" Instrument Drape",10,160,1600,MEDL      ,MEDICAL   ,FALSE,SO,,"Medline Industries, Inc.",12001 General Milton Dr,,TX,78045          ,          ,14,,Medline Industries,Laredo,"This location will be inactive Effective 7/17/17. new location 12001 General Milton Dr. Laredo, TX . If customer request NDA -  use  Fedex Collect # 326382027",PCI-01    ,"STRUKMYER, LLC"
2026-12-29 00:00:00,1900-01-02 00:00:00,0000064845,4,BILL      ,3853,MEDISTRIP 1 IN X 4 IN BULK NON-STERILE,2,196.5,393,MEDL SLOV ,MEDICAL   ,FALSE,SO,,Medline Assembly Slovakia S.R.O,Malobielicka 284/8,,..,95804          ,          ,0,,Medline Assembly Slovakia S.R.O,Partizanske,DHL EXPRESS Worldwide 954238829,PCI-01    ,"STRUKMYER, LLC"
2026-12-29 00:00:00,1900-01-02 00:00:00,0000064845,3,BILL      ,3851,MEDISTRIP 1/4 IN X 4 IN BULK NON-STERILE 5/CD,2,195,390,MEDL SLOV ,MEDICAL   ,FALSE,SO,,Medline Assembly Slovakia S.R.O,Malobielicka 284/8,,..,95804          ,          ,0,,Medline Assembly Slovakia S.R.O,Partizanske,DHL EXPRESS Worldwide 954238829,PCI-01    ,"STRUKMYER, LLC"
2026-12-29 00:00:00,1900-01-02 00:00:00,0000064845,2,BILL      ,3850,MEDISTRIP 1/2 IN X 4 IN BULK NONSTERILE 3/CD,2,1943,3886,MEDL SLOV ,MEDICAL   ,FALSE,SO,,Medline Assembly Slovakia S.R.O,Malobielicka 284/8,,..,95804          ,          ,0,,Medline Assembly Slovakia S.R.O,Partizanske,DHL EXPRESS Worldwide 954238829,PCI-01    ,"STRUKMYER, LLC"
2026-12-29 00:00:00,1900-01-02 00:00:00,0000064845,1,BILL      ,3849,MEDISTRIP 1/4 IN X 1.5 IN BULK NON-STERILE,5,165,825,MEDL SLOV ,MEDICAL   ,FALSE,SO,,Medline Assembly Slovakia S.R.O,Malobielicka 284/8,,..,95804          ,          ,0,,Medline Assembly Slovakia S.R.O,Partizanske,DHL EXPRESS Worldwide 954238829,PCI-01    ,"STRUKMYER, LLC"
2026-12-29 00:00:00,1900-01-02 00:00:00,0000064844,1,MORENO    ,6013,MEDLINE CURAD MEDI STRIP 1 X 5 NON250501,6,123,738,MEDL      ,MEDICAL   ,FALSE,SO,,"Medline Industries, Inc.",16415 Cosmos Street,,CA,92551          ,          ,0,,Medline - SPT Division,Moreno Valley,call for dock appointment 951-296-2639 x 4237 or email yduran@medline.com,PCI-01    ,"STRUKMYER, LLC"
2026-12-29 00:00:00,1900-01-02 00:00:00,0000064842,1,NORTHPT   ,4785,"MEDLINE 119883 10""x16"" Instrument Drape",1,160,160,MEDL      ,MEDICAL   ,FALSE,SO,,"Medline Industries, Inc.",1170 South Northpoint Blvd.,,IL,60085          ,          ,14,,Medline - SPT Division,Waukegan,,PCI-01    ,"STRUKMYER, LLC"
2026-12-29 00:00:00,1900-01-02 00:00:00,0000064841,1,LAREDO    ,610,MEDISTRIP 1 IN X 4 IN BULK,3,196.5,589.5,MEDL      ,MEDICAL   ,FALSE,SO,,"Medline Industries, Inc.",12001 General Milton Dr,,TX,78045          ,          ,4,,Medline Industries,Laredo,"This location will be inactive Effective 7/17/17. new location 12001 General Milton Dr. Laredo, TX . If customer request NDA -  use  Fedex Collect # 326382027",PCI-01    ,"STRUKMYER, LLC"
2026-12-29 00:00:00,1900-01-02 00:00:00,0000064840,1,LAREDO    ,609,MEDISTRIP 1/4 IN X 3 IN BULK,10,119,1190,MEDL      ,MEDICAL   ,FALSE,SO,,"Medline Industries, Inc.",12001 General Milton Dr,,TX,78045          ,          ,1,,Medline Industries,Laredo,"This location will be inactive Effective 7/17/17. new location 12001 General Milton Dr. Laredo, TX . If customer request NDA -  use  Fedex Collect # 326382027",PCI-01    ,"STRUKMYER, LLC"
2026-12-29 00:00:00,1900-01-02 00:00:00,0000064838,1,LAREDO    ,5117,MEDLINE OPTIFOAM THIN 4x4 MSC1544EP,2,94.6,189.2,MEDL      ,MEDICAL   ,FALSE,SO,,"Medline Industries, Inc.",12001 General Milton Dr,,TX,78045          ,          ,0,,Medline Industries,Laredo,"This location will be inactive Effective 7/17/17. new location 12001 General Milton Dr. Laredo, TX . If customer request NDA -  use  Fedex Collect # 326382027",PCI-01    ,"STRUKMYER, LLC"
2026-12-29 00:00:00,1900-01-02 00:00:00,0000064837,1,LAREDO    ,609,MEDISTRIP 1/4 IN X 3 IN BULK,1,119,119,MEDL      ,MEDICAL   ,FALSE,SO,,"Medline Industries, Inc.",12001 General Milton Dr,,TX,78045          ,          ,1,,Medline Industries,Laredo,"This location will be inactive Effective 7/17/17. new location 12001 General Milton Dr. Laredo, TX . If customer request NDA -  use  Fedex Collect # 326382027",PCI-01    ,"STRUKMYER, LLC"
2026-12-29 00:00:00,1900-01-02 00:00:00,0000064836,1,LAREDO    ,4785,"MEDLINE 119883 10""x16"" Instrument Drape",2,160,320,MEDL      ,MEDICAL   ,FALSE,SO,,"Medline Industries, Inc.",12001 General Milton Dr,,TX,78045          ,          ,14,,Medline Industries,Laredo,"This location will be inactive Effective 7/17/17. new location 12001 General Milton Dr. Laredo, TX . If customer request NDA -  use  Fedex Collect # 326382027",PCI-01    ,"STRUKMYER, LLC"
2026-12-29 00:00:00,1900-01-02 00:00:00,0000064835,3,FRANCE    ,3853,MEDISTRIP 1 IN X 4 IN BULK NON-STERILE,1,196.5,196.5,MEDL EURO ,MEDICAL   ,FALSE,SO,,Medline Assembly France SAS,Rue du President Kennedy,,..,44110          ,          ,0,,Medline Assembly France SAS,Chateaubriant,DHL EXPRESS WORLDWIDE 956478111.. ****Warehouse is opened from 5am to 1pm,PCI-01    ,"STRUKMYER, LLC"
2026-12-29 00:00:00,1900-01-02 00:00:00,0000064835,2,FRANCE    ,3851,MEDISTRIP 1/4 IN X 4 IN BULK NON-STERILE 5/CD,1,195,195,MEDL EURO ,MEDICAL   ,FALSE,SO,,Medline Assembly France SAS,Rue du President Kennedy,,..,44110          ,          ,0,,Medline Assembly France SAS,Chateaubriant,DHL EXPRESS WORLDWIDE 956478111.. ****Warehouse is opened from 5am to 1pm,PCI-01    ,"STRUKMYER, LLC"
2026-12-29 00:00:00,1900-01-02 00:00:00,0000064835,1,FRANCE    ,3850,MEDISTRIP 1/2 IN X 4 IN BULK NONSTERILE 3/CD,1,1943,1943,MEDL EURO ,MEDICAL   ,FALSE,SO,,Medline Assembly France SAS,Rue du President Kennedy,,..,44110          ,          ,0,,Medline Assembly France SAS,Chateaubriant,DHL EXPRESS WORLDWIDE 956478111.. ****Warehouse is opened from 5am to 1pm,PCI-01    ,"STRUKMYER, LLC"
2026-12-29 00:00:00,1900-01-02 00:00:00,0000064830,1,MORENO    ,6013,MEDLINE CURAD MEDI STRIP 1 X 5 NON250501,6,123,738,MEDL      ,MEDICAL   ,FALSE,SO,,"Medline Industries, Inc.",16415 Cosmos Street,,CA,92551          ,          ,0,,Medline - SPT Division,Moreno Valley,call for dock appointment 951-296-2639 x 4237 or email yduran@medline.com,PCI-01    ,"STRUKMYER, LLC"
2026-12-29 00:00:00,1900-01-02 00:00:00,0000064829,1,MORENO    ,610,MEDISTRIP 1 IN X 4 IN BULK,4,196.5,786,MEDL      ,MEDICAL   ,FALSE,SO,,"Medline Industries, Inc.",16415 Cosmos Street,,CA,92551          ,          ,4,,Medline - SPT Division,Moreno Valley,call for dock appointment 951-296-2639 x 4237 or email yduran@medline.com,PCI-01    ,"STRUKMYER, LLC"
2026-12-29 00:00:00,1900-01-02 00:00:00,0000064823,1,MORENO    ,610,MEDISTRIP 1 IN X 4 IN BULK,4,196.5,786,MEDL      ,MEDICAL   ,FALSE,SO,,"Medline Industries, Inc.",16415 Cosmos Street,,CA,92551          ,          ,4,,Medline - SPT Division,Moreno Valley,call for dock appointment 951-296-2639 x 4237 or email yduran@medline.com,PCI-01    ,"STRUKMYER, LLC"
2026-12-29 00:00:00,1900-01-02 00:00:00,0000064821,5,MORENO    ,6013,MEDLINE CURAD MEDI STRIP 1 X 5 NON250501,5,123,615,MEDL      ,MEDICAL   ,FALSE,SO,,"Medline Industries, Inc.",16415 Cosmos Street,,CA,92551          ,          ,0,,Medline - SPT Division,Moreno Valley,call for dock appointment 951-296-2639 x 4237 or email yduran@medline.com,PCI-01    ,"STRUKMYER, LLC"
2026-12-29 00:00:00,1900-01-02 00:00:00,0000064821,3,MORENO    ,606,MEDISTRIP 1/8 IN X 3 IN BULK,1,193.8,193.8,MEDL      ,MEDICAL   ,FALSE,SO,,"Medline Industries, Inc.",16415 Cosmos Street,,CA,92551          ,          ,0,,Medline - SPT Division,Moreno Valley,call for dock appointment 951-296-2639 x 4237 or email yduran@medline.com,PCI-01    ,"STRUKMYER, LLC"
2026-12-29 00:00:00,1900-01-02 00:00:00,0000064821,2,MORENO    ,609,MEDISTRIP 1/4 IN X 3 IN BULK,16,119,1904,MEDL      ,MEDICAL   ,FALSE,SO,,"Medline Industries, Inc.",16415 Cosmos Street,,CA,92551          ,          ,1,,Medline - SPT Division,Moreno Valley,call for dock appointment 951-296-2639 x 4237 or email yduran@medline.com,PCI-01    ,"STRUKMYER, LLC"
2026-12-29 00:00:00,1900-01-02 00:00:00,0000064821,1,MORENO    ,6010,MEDLINE CURAD MEDISTRIP 1/2 X 4 IN STERILE NON250412,9,102,918,MEDL      ,MEDICAL   ,FALSE,SO,,"Medline Industries, Inc.",16415 Cosmos Street,,CA,92551          ,          ,2,,Medline - SPT Division,Moreno Valley,call for dock appointment 951-296-2639 x 4237 or email yduran@medline.com,PCI-01    ,"STRUKMYER, LLC"
2026-12-29 00:00:00,1900-01-02 00:00:00,0000064820,1,NORTHPT   ,6010,MEDLINE CURAD MEDISTRIP 1/2 X 4 IN STERILE NON250412,1,102,102,MEDL      ,MEDICAL   ,FALSE,SO,,"Medline Industries, Inc.",1170 South Northpoint Blvd.,,IL,60085          ,          ,2,,Medline - SPT Division,Waukegan,,PCI-01    ,"STRUKMYER, LLC"
2026-12-29 00:00:00,1900-01-02 00:00:00,0000064819,2,LAREDO    ,606,MEDISTRIP 1/8 IN X 3 IN BULK,1,193.8,193.8,MEDL      ,MEDICAL   ,FALSE,SO,,"Medline Industries, Inc.",12001 General Milton Dr,,TX,78045          ,          ,0,,Medline Industries,Laredo,"This location will be inactive Effective 7/17/17. new location 12001 General Milton Dr. Laredo, TX . If customer request NDA -  use  Fedex Collect # 326382027",PCI-01    ,"STRUKMYER, LLC"
2026-12-29 00:00:00,1900-01-02 00:00:00,0000064819,1,LAREDO    ,610,MEDISTRIP 1 IN X 4 IN BULK,6,196.5,1179,MEDL      ,MEDICAL   ,FALSE,SO,,"Medline Industries, Inc.",12001 General Milton Dr,,TX,78045          ,          ,4,,Medline Industries,Laredo,"This location will be inactive Effective 7/17/17. new location 12001 General Milton Dr. Laredo, TX . If customer request NDA -  use  Fedex Collect # 326382027",PCI-01    ,"STRUKMYER, LLC"
2026-12-29 00:00:00,1900-01-02 00:00:00,0000064818,1,LAREDO    ,4785,"MEDLINE 119883 10""x16"" Instrument Drape",9,160,1440,MEDL      ,MEDICAL   ,FALSE,SO,,"Medline Industries, Inc.",12001 General Milton Dr,,TX,78045          ,          ,14,,Medline Industries,Laredo,"This location will be inactive Effective 7/17/17. new location 12001 General Milton Dr. Laredo, TX . If customer request NDA -  use  Fedex Collect # 326382027",PCI-01    ,"STRUKMYER, LLC"
2026-12-29 00:00:00,1900-01-02 00:00:00,0000064817,1,LAREDO    ,610,MEDISTRIP 1 IN X 4 IN BULK,1,196.5,196.5,MEDL      ,MEDICAL   ,FALSE,SO,,"Medline Industries, Inc.",12001 General Milton Dr,,TX,78045          ,          ,4,,Medline Industries,Laredo,"This location will be inactive Effective 7/17/17. new location 12001 General Milton Dr. Laredo, TX . If customer request NDA -  use  Fedex Collect # 326382027",PCI-01    ,"STRUKMYER, LLC"
2026-12-29 00:00:00,1900-01-02 00:00:00,0000064809,10,B48       ,5116,MEDLINE OPTIFOAM THIN 2X3 MSC1523EP,4,63.42,253.68,MEDL      ,MEDICAL   ,FALSE,SO,,"Medline Industries, Inc.",36445 Van Born Road STE 200,,MI,48174,          ,0,,Medline Industries LP,Romulus,,PCI-01    ,"STRUKMYER, LLC"
2026-12-29 00:00:00,1900-01-02 00:00:00,0000064805,10,C50       ,5116,MEDLINE OPTIFOAM THIN 2X3 MSC1523EP,3,63.42,190.26,MEDL      ,MEDICAL   ,FALSE,SO,,"Medline Industries, Inc.",8787 W BUCKEYE RD,,AZ,853539399,          ,0,,Medline Industries LP,TOLLESON,,PCI-01    ,"STRUKMYER, LLC"
2026-12-29 00:00:00,1900-01-02 00:00:00,0000064803,20,C02       ,5116,MEDLINE OPTIFOAM THIN 2X3 MSC1523EP,3,63.42,190.26,MEDL      ,MEDICAL   ,FALSE,SO,,"Medline Industries, Inc.","2200 Cornerstone Pkwy, Ste 100",,IL,60030,          ,0,,Medline Industries LP,Grayslake,,PCI-01    ,"STRUKMYER, LLC"
2026-12-29 00:00:00,1900-01-02 00:00:00,0000064799,20,C41       ,5116,MEDLINE OPTIFOAM THIN 2X3 MSC1523EP,10,63.42,634.2,MEDL      ,MEDICAL   ,FALSE,SO,,"Medline Industries, Inc.",1040 Enterprise Parkway,,OH,43162,          ,0,,Medline Industries LP,West Jefferson,,PCI-01    ,"STRUKMYER, LLC"
2026-12-29 00:00:00,1900-01-02 00:00:00,0000064798,4,BILL      ,3853,MEDISTRIP 1 IN X 4 IN BULK NON-STERILE,6,196.5,1179,MEDL SLOV ,MEDICAL   ,FALSE,SO,,Medline Assembly Slovakia S.R.O,Malobielicka 284/8,,..,95804          ,          ,0,,Medline Assembly Slovakia S.R.O,Partizanske,DHL EXPRESS Worldwide 954238829,PCI-01    ,"STRUKMYER, LLC"
2026-12-29 00:00:00,1900-01-02 00:00:00,0000064798,3,BILL      ,3851,MEDISTRIP 1/4 IN X 4 IN BULK NON-STERILE 5/CD,3,195,585,MEDL SLOV ,MEDICAL   ,FALSE,SO,,Medline Assembly Slovakia S.R.O,Malobielicka 284/8,,..,95804          ,          ,0,,Medline Assembly Slovakia S.R.O,Partizanske,DHL EXPRESS Worldwide 954238829,PCI-01    ,"STRUKMYER, LLC"
2026-12-29 00:00:00,1900-01-02 00:00:00,0000064798,2,BILL      ,3850,MEDISTRIP 1/2 IN X 4 IN BULK NONSTERILE 3/CD,2,1943,3886,MEDL SLOV ,MEDICAL   ,FALSE,SO,,Medline Assembly Slovakia S.R.O,Malobielicka 284/8,,..,95804          ,          ,0,,Medline Assembly Slovakia S.R.O,Partizanske,DHL EXPRESS Worldwide 954238829,PCI-01    ,"STRUKMYER, LLC"
2026-12-29 00:00:00,1900-01-02 00:00:00,0000064798,1,BILL      ,3849,MEDISTRIP 1/4 IN X 1.5 IN BULK NON-STERILE,2,165,330,MEDL SLOV ,MEDICAL   ,FALSE,SO,,Medline Assembly Slovakia S.R.O,Malobielicka 284/8,,..,95804          ,          ,0,,Medline Assembly Slovakia S.R.O,Partizanske,DHL EXPRESS Worldwide 954238829,PCI-01    ,"STRUKMYER, LLC"
2026-12-29 00:00:00,1900-01-02 00:00:00,0000064791,1,NORTHPT   ,610,MEDISTRIP 1 IN X 4 IN BULK,1,196.5,196.5,MEDL      ,MEDICAL   ,FALSE,SO,,"Medline Industries, Inc.",1170 South Northpoint Blvd.,,IL,60085          ,          ,4,,Medline - SPT Division,Waukegan,,PCI-01    ,"STRUKMYER, LLC"
2026-12-29 00:00:00,1900-01-02 00:00:00,0000064776,10,C02       ,5116,MEDLINE OPTIFOAM THIN 2X3 MSC1523EP,1,63.42,63.42,MEDL      ,MEDICAL   ,FALSE,SO,,"Medline Industries, Inc.","2200 Cornerstone Pkwy, Ste 100",,IL,60030,          ,0,,Medline Industries LP,Grayslake,,PCI-01    ,"STRUKMYER, LLC"
2026-12-29 00:00:00,1900-01-02 00:00:00,0000064773,10,C41       ,5116,MEDLINE OPTIFOAM THIN 2X3 MSC1523EP,4,63.42,253.68,MEDL      ,MEDICAL   ,FALSE,SO,,"Medline Industries, Inc.",1040 Enterprise Parkway,,OH,43162,          ,0,,Medline Industries LP,West Jefferson,,PCI-01    ,"STRUKMYER, LLC"
2026-12-29 00:00:00,1900-01-02 00:00:00,0000064772,10,C50       ,5116,MEDLINE OPTIFOAM THIN 2X3 MSC1523EP,7,63.42,443.94,MEDL      ,MEDICAL   ,FALSE,SO,,"Medline Industries, Inc.",8787 W BUCKEYE RD,,AZ,853539399,          ,0,,Medline Industries LP,TOLLESON,,PCI-01    ,"STRUKMYER, LLC"
2026-12-29 00:00:00,1900-01-02 00:00:00,0000064767,1,MORENO    ,6013,MEDLINE CURAD MEDI STRIP 1 X 5 NON250501,5,123,615,MEDL      ,MEDICAL   ,FALSE,SO,,"Medline Industries, Inc.",16415 Cosmos Street,,CA,92551          ,          ,0,,Medline - SPT Division,Moreno Valley,call for dock appointment 951-296-2639 x 4237 or email yduran@medline.com,PCI-01    ,"STRUKMYER, LLC"
2026-12-29 00:00:00,1900-01-02 00:00:00,0000064766,1,LAREDO    ,6013,MEDLINE CURAD MEDI STRIP 1 X 5 NON250501,9,123,1107,MEDL      ,MEDICAL   ,FALSE,SO,,"Medline Industries, Inc.",12001 General Milton Dr,,TX,78045          ,          ,0,,Medline Industries,Laredo,"This location will be inactive Effective 7/17/17. new location 12001 General Milton Dr. Laredo, TX . If customer request NDA -  use  Fedex Collect # 326382027",PCI-01    ,"STRUKMYER, LLC"
2026-12-29 00:00:00,1900-01-02 00:00:00,0000064765,1,LAREDO    ,6010,MEDLINE CURAD MEDISTRIP 1/2 X 4 IN STERILE NON250412,21,102,2142,MEDL      ,MEDICAL   ,FALSE,SO,,"Medline Industries, Inc.",12001 General Milton Dr,,TX,78045          ,          ,2,,Medline Industries,Laredo,"This location will be inactive Effective 7/17/17. new location 12001 General Milton Dr. Laredo, TX . If customer request NDA -  use  Fedex Collect # 326382027",PCI-01    ,"STRUKMYER, LLC"
2026-12-29 00:00:00,1900-01-02 00:00:00,0000064761,4,FRANCE    ,3853,MEDISTRIP 1 IN X 4 IN BULK NON-STERILE,1,196.5,196.5,MEDL EURO ,MEDICAL   ,FALSE,SO,,Medline Assembly France SAS,Rue du President Kennedy,,..,44110          ,          ,0,,Medline Assembly France SAS,Chateaubriant,DHL EXPRESS WORLDWIDE 956478111.. ****Warehouse is opened from 5am to 1pm,PCI-01    ,"STRUKMYER, LLC"
2026-12-29 00:00:00,1900-01-02 00:00:00,0000064761,3,FRANCE    ,3852,MEDISTRIP 1/4 IN X 3 IN BULK NON-STERILE,1,119,119,MEDL EURO ,MEDICAL   ,FALSE,SO,,Medline Assembly France SAS,Rue du President Kennedy,,..,44110          ,          ,0,,Medline Assembly France SAS,Chateaubriant,DHL EXPRESS WORLDWIDE 956478111.. ****Warehouse is opened from 5am to 1pm,PCI-01    ,"STRUKMYER, LLC"
2026-12-29 00:00:00,1900-01-02 00:00:00,0000064761,2,FRANCE    ,3851,MEDISTRIP 1/4 IN X 4 IN BULK NON-STERILE 5/CD,3,195,585,MEDL EURO ,MEDICAL   ,FALSE,SO,,Medline Assembly France SAS,Rue du President Kennedy,,..,44110          ,          ,0,,Medline Assembly France SAS,Chateaubriant,DHL EXPRESS WORLDWIDE 956478111.. ****Warehouse is opened from 5am to 1pm,PCI-01    ,"STRUKMYER, LLC"
2026-12-29 00:00:00,1900-01-02 00:00:00,0000064761,1,FRANCE    ,3850,MEDISTRIP 1/2 IN X 4 IN BULK NONSTERILE 3/CD,4,1943,7772,MEDL EURO ,MEDICAL   ,FALSE,SO,,Medline Assembly France SAS,Rue du President Kennedy,,..,44110          ,          ,0,,Medline Assembly France SAS,Chateaubriant,DHL EXPRESS WORLDWIDE 956478111.. ****Warehouse is opened from 5am to 1pm,PCI-01    ,"STRUKMYER, LLC"
2026-12-29 00:00:00,1900-01-02 00:00:00,0000064751,1,MORENO    ,6013,MEDLINE CURAD MEDI STRIP 1 X 5 NON250501,5,123,615,MEDL      ,MEDICAL   ,FALSE,SO,,"Medline Industries, Inc.",16415 Cosmos Street,,CA,92551          ,          ,0,,Medline - SPT Division,Moreno Valley,call for dock appointment 951-296-2639 x 4237 or email yduran@medline.com,PCI-01    ,"STRUKMYER, LLC"
2026-12-29 00:00:00,1900-01-02 00:00:00,0000064750,1,MORENO    ,610,MEDISTRIP 1 IN X 4 IN BULK,3,196.5,589.5,MEDL      ,MEDICAL   ,FALSE,SO,,"Medline Industries, Inc.",16415 Cosmos Street,,CA,92551          ,          ,4,,Medline - SPT Division,Moreno Valley,call for dock appointment 951-296-2639 x 4237 or email yduran@medline.com,PCI-01    ,"STRUKMYER, LLC"
2026-12-29 00:00:00,1900-01-02 00:00:00,0000064749,1,MORENO    ,6012,MEDLINE CURAD MEDISTRIP 1/4 X 3 IN STERILE NON250314,11,66.77,734.47,MEDL      ,MEDICAL   ,FALSE,SO,,"Medline Industries, Inc.",16415 Cosmos Street,,CA,92551          ,          ,2,,Medline - SPT Division,Moreno Valley,call for dock appointment 951-296-2639 x 4237 or email yduran@medline.com,PCI-01    ,"STRUKMYER, LLC"
2026-12-29 00:00:00,1900-01-02 00:00:00,0000064748,1,LAREDO    ,610,MEDISTRIP 1 IN X 4 IN BULK,2,196.5,393,MEDL      ,MEDICAL   ,FALSE,SO,,"Medline Industries, Inc.",12001 General Milton Dr,,TX,78045          ,          ,4,,Medline Industries,Laredo,"This location will be inactive Effective 7/17/17. new location 12001 General Milton Dr. Laredo, TX . If customer request NDA -  use  Fedex Collect # 326382027",PCI-01    ,"STRUKMYER, LLC"
2026-12-29 00:00:00,1900-01-02 00:00:00,0000064747,1,LAREDO    ,609,MEDISTRIP 1/4 IN X 3 IN BULK,8,119,952,MEDL      ,MEDICAL   ,FALSE,SO,,"Medline Industries, Inc.",12001 General Milton Dr,,TX,78045          ,          ,1,,Medline Industries,Laredo,"This location will be inactive Effective 7/17/17. new location 12001 General Milton Dr. Laredo, TX . If customer request NDA -  use  Fedex Collect # 326382027",PCI-01    ,"STRUKMYER, LLC"
2026-12-29 00:00:00,1900-01-02 00:00:00,0000064746,1,LAREDO    ,5117,MEDLINE OPTIFOAM THIN 4x4 MSC1544EP,2,94.6,189.2,MEDL      ,MEDICAL   ,FALSE,SO,,"Medline Industries, Inc.",12001 General Milton Dr,,TX,78045          ,          ,0,,Medline Industries,Laredo,"This location will be inactive Effective 7/17/17. new location 12001 General Milton Dr. Laredo, TX . If customer request NDA -  use  Fedex Collect # 326382027",PCI-01    ,"STRUKMYER, LLC"
2026-12-29 00:00:00,1900-01-02 00:00:00,0000064744,2,G-Global  ,610,MEDISTRIP 1 IN X 4 IN BULK,18,196.5,3537,CENTURION ,MEDICAL   ,FALSE,SO,,Centurion Medical Products Corp,C/O G-Global Logistics Inc,1776 Pan American St. Building B Suite 100,CA,92231          ,          ,4,,Centurion Medical,Calexico,,PCI-01    ,"STRUKMYER, LLC"
2026-12-29 00:00:00,1900-01-02 00:00:00,0000064744,1,G-Global  ,609,MEDISTRIP 1/4 IN X 3 IN BULK,4,119,476,CENTURION ,MEDICAL   ,FALSE,SO,,Centurion Medical Products Corp,C/O G-Global Logistics Inc,1776 Pan American St. Building B Suite 100,CA,92231          ,          ,1,,Centurion Medical,Calexico,,PCI-01    ,"STRUKMYER, LLC"
2026-12-29 00:00:00,1900-01-02 00:00:00,0000064739,20,C47       ,5117,MEDLINE OPTIFOAM THIN 4x4 MSC1544EP,2,94.6,189.2,MEDL      ,MEDICAL   ,FALSE,SO,,"Medline Industries, Inc.",239 Belvidere Rd,,MD,21903,          ,0,,Medline Industries LP,Perryville,,PCI-01    ,"STRUKMYER, LLC"
2026-12-29 00:00:00,1900-01-02 00:00:00,0000064726,1,MORENO    ,610,MEDISTRIP 1 IN X 4 IN BULK,3,196.5,589.5,MEDL      ,MEDICAL   ,FALSE,SO,,"Medline Industries, Inc.",16415 Cosmos Street,,CA,92551          ,          ,4,,Medline - SPT Division,Moreno Valley,call for dock appointment 951-296-2639 x 4237 or email yduran@medline.com,PCI-01    ,"STRUKMYER, LLC"
2026-12-29 00:00:00,1900-01-02 00:00:00,0000064725,1,LAREDO    ,610,MEDISTRIP 1 IN X 4 IN BULK,2,196.5,393,MEDL      ,MEDICAL   ,FALSE,SO,,"Medline Industries, Inc.",12001 General Milton Dr,,TX,78045          ,          ,4,,Medline Industries,Laredo,"This location will be inactive Effective 7/17/17. new location 12001 General Milton Dr. Laredo, TX . If customer request NDA -  use  Fedex Collect # 326382027",PCI-01    ,"STRUKMYER, LLC"
2026-12-29 00:00:00,1900-01-02 00:00:00,0000064724,2,LAREDO    ,6013,MEDLINE CURAD MEDI STRIP 1 X 5 NON250501,9,123,1107,MEDL      ,MEDICAL   ,FALSE,SO,,"Medline Industries, Inc.",12001 General Milton Dr,,TX,78045          ,          ,0,,Medline Industries,Laredo,"This location will be inactive Effective 7/17/17. new location 12001 General Milton Dr. Laredo, TX . If customer request NDA -  use  Fedex Collect # 326382027",PCI-01    ,"STRUKMYER, LLC"
2026-12-29 00:00:00,1900-01-02 00:00:00,0000064724,1,LAREDO    ,5117,MEDLINE OPTIFOAM THIN 4x4 MSC1544EP,2,94.6,189.2,MEDL      ,MEDICAL   ,FALSE,SO,,"Medline Industries, Inc.",12001 General Milton Dr,,TX,78045          ,          ,0,,Medline Industries,Laredo,"This location will be inactive Effective 7/17/17. new location 12001 General Milton Dr. Laredo, TX . If customer request NDA -  use  Fedex Collect # 326382027",PCI-01    ,"STRUKMYER, LLC"
2026-12-29 00:00:00,1900-01-02 00:00:00,0000064715,1,LAREDO    ,609,MEDISTRIP 1/4 IN X 3 IN BULK,8,119,952,MEDL      ,MEDICAL   ,FALSE,SO,,"Medline Industries, Inc.",12001 General Milton Dr,,TX,78045          ,          ,1,,Medline Industries,Laredo,"This location will be inactive Effective 7/17/17. new location 12001 General Milton Dr. Laredo, TX . If customer request NDA -  use  Fedex Collect # 326382027",PCI-01    ,"STRUKMYER, LLC"
2026-12-29 00:00:00,1900-01-02 00:00:00,0000064712,4,BILL      ,3853,MEDISTRIP 1 IN X 4 IN BULK NON-STERILE,4,196.5,786,MEDL SLOV ,MEDICAL   ,FALSE,SO,,Medline Assembly Slovakia S.R.O,Malobielicka 284/8,,..,95804          ,          ,0,,Medline Assembly Slovakia S.R.O,Partizanske,DHL EXPRESS Worldwide 954238829,PCI-01    ,"STRUKMYER, LLC"
2026-12-29 00:00:00,1900-01-02 00:00:00,0000064712,3,BILL      ,3852,MEDISTRIP 1/4 IN X 3 IN BULK NON-STERILE,1,119,119,MEDL SLOV ,MEDICAL   ,FALSE,SO,,Medline Assembly Slovakia S.R.O,Malobielicka 284/8,,..,95804          ,          ,0,,Medline Assembly Slovakia S.R.O,Partizanske,DHL EXPRESS Worldwide 954238829,PCI-01    ,"STRUKMYER, LLC"
2026-12-29 00:00:00,1900-01-02 00:00:00,0000064712,2,BILL      ,3851,MEDISTRIP 1/4 IN X 4 IN BULK NON-STERILE 5/CD,3,195,585,MEDL SLOV ,MEDICAL   ,FALSE,SO,,Medline Assembly Slovakia S.R.O,Malobielicka 284/8,,..,95804          ,          ,0,,Medline Assembly Slovakia S.R.O,Partizanske,DHL EXPRESS Worldwide 954238829,PCI-01    ,"STRUKMYER, LLC"
2026-12-29 00:00:00,1900-01-02 00:00:00,0000064712,1,BILL      ,3850,MEDISTRIP 1/2 IN X 4 IN BULK NONSTERILE 3/CD,1,1943,1943,MEDL SLOV ,MEDICAL   ,FALSE,SO,,Medline Assembly Slovakia S.R.O,Malobielicka 284/8,,..,95804          ,          ,0,,Medline Assembly Slovakia S.R.O,Partizanske,DHL EXPRESS Worldwide 954238829,PCI-01    ,"STRUKMYER, LLC"
2026-12-29 00:00:00,1900-01-02 00:00:00,0000064711,10,B48       ,5116,MEDLINE OPTIFOAM THIN 2X3 MSC1523EP,6,63.42,380.52,MEDL      ,MEDICAL   ,FALSE,SO,,"Medline Industries, Inc.",36445 Van Born Road STE 200,,MI,48174,          ,0,,Medline Industries LP,Romulus,,PCI-01    ,"STRUKMYER, LLC"
2026-12-29 00:00:00,1900-01-02 00:00:00,0000064702,20,C41       ,5116,MEDLINE OPTIFOAM THIN 2X3 MSC1523EP,19,63.42,1204.98,MEDL      ,MEDICAL   ,FALSE,SO,,"Medline Industries, Inc.",1040 Enterprise Parkway,,OH,43162,          ,0,,Medline Industries LP,West Jefferson,,PCI-01    ,"STRUKMYER, LLC"
2026-12-29 00:00:00,1900-01-02 00:00:00,0000064700,10,C46       ,5116,MEDLINE OPTIFOAM THIN 2X3 MSC1523EP,10,63.42,634.2,MEDL      ,MEDICAL   ,FALSE,SO,,"Medline Industries, Inc.",5701 PROMONTORY PKWY,,CA,953779201,          ,0,,Medline Industries LP,TRACY,,PCI-01    ,"STRUKMYER, LLC"
2026-12-29 00:00:00,1900-01-02 00:00:00,0000064694,1,MORENO    ,609,MEDISTRIP 1/4 IN X 3 IN BULK,18,119,2142,MEDL      ,MEDICAL   ,FALSE,SO,,"Medline Industries, Inc.",16415 Cosmos Street,,CA,92551          ,          ,1,,Medline - SPT Division,Moreno Valley,call for dock appointment 951-296-2639 x 4237 or email yduran@medline.com,PCI-01    ,"STRUKMYER, LLC"
2026-12-29 00:00:00,1900-01-02 00:00:00,0000064692,2,LAREDO    ,606,MEDISTRIP 1/8 IN X 3 IN BULK,1,193.8,193.8,MEDL      ,MEDICAL   ,FALSE,SO,,"Medline Industries, Inc.",12001 General Milton Dr,,TX,78045          ,          ,0,,Medline Industries,Laredo,"This location will be inactive Effective 7/17/17. new location 12001 General Milton Dr. Laredo, TX . If customer request NDA -  use  Fedex Collect # 326382027",PCI-01    ,"STRUKMYER, LLC"
2026-12-29 00:00:00,1900-01-02 00:00:00,0000064692,1,LAREDO    ,610,MEDISTRIP 1 IN X 4 IN BULK,2,196.5,393,MEDL      ,MEDICAL   ,FALSE,SO,,"Medline Industries, Inc.",12001 General Milton Dr,,TX,78045          ,          ,4,,Medline Industries,Laredo,"This location will be inactive Effective 7/17/17. new location 12001 General Milton Dr. Laredo, TX . If customer request NDA -  use  Fedex Collect # 326382027",PCI-01    ,"STRUKMYER, LLC"
2026-12-29 00:00:00,1900-01-02 00:00:00,0000064691,1,LAREDO    ,5117,MEDLINE OPTIFOAM THIN 4x4 MSC1544EP,2,94.6,189.2,MEDL      ,MEDICAL   ,FALSE,SO,,"Medline Industries, Inc.",12001 General Milton Dr,,TX,78045          ,          ,0,,Medline Industries,Laredo,"This location will be inactive Effective 7/17/17. new location 12001 General Milton Dr. Laredo, TX . If customer request NDA -  use  Fedex Collect # 326382027",PCI-01    ,"STRUKMYER, LLC"
2026-12-29 00:00:00,1900-01-02 00:00:00,0000064690,1,LAREDO    ,610,MEDISTRIP 1 IN X 4 IN BULK,1,196.5,196.5,MEDL      ,MEDICAL   ,FALSE,SO,,"Medline Industries, Inc.",12001 General Milton Dr,,TX,78045          ,          ,4,,Medline Industries,Laredo,"This location will be inactive Effective 7/17/17. new location 12001 General Milton Dr. Laredo, TX . If customer request NDA -  use  Fedex Collect # 326382027",PCI-01    ,"STRUKMYER, LLC"
2026-12-29 00:00:00,1900-01-02 00:00:00,0000064689,3,FRANCE    ,3852,MEDISTRIP 1/4 IN X 3 IN BULK NON-STERILE,1,119,119,MEDL EURO ,MEDICAL   ,FALSE,SO,,Medline Assembly France SAS,Rue du President Kennedy,,..,44110          ,          ,0,,Medline Assembly France SAS,Chateaubriant,DHL EXPRESS WORLDWIDE 956478111.. ****Warehouse is opened from 5am to 1pm,PCI-01    ,"STRUKMYER, LLC"
2026-12-29 00:00:00,1900-01-02 00:00:00,0000064689,2,FRANCE    ,3851,MEDISTRIP 1/4 IN X 4 IN BULK NON-STERILE 5/CD,2,195,390,MEDL EURO ,MEDICAL   ,FALSE,SO,,Medline Assembly France SAS,Rue du President Kennedy,,..,44110          ,          ,0,,Medline Assembly France SAS,Chateaubriant,DHL EXPRESS WORLDWIDE 956478111.. ****Warehouse is opened from 5am to 1pm,PCI-01    ,"STRUKMYER, LLC"
2026-12-29 00:00:00,1900-01-02 00:00:00,0000064689,1,FRANCE    ,3850,MEDISTRIP 1/2 IN X 4 IN BULK NONSTERILE 3/CD,3,1943,5829,MEDL EURO ,MEDICAL   ,FALSE,SO,,Medline Assembly France SAS,Rue du President Kennedy,,..,44110          ,          ,0,,Medline Assembly France SAS,Chateaubriant,DHL EXPRESS WORLDWIDE 956478111.. ****Warehouse is opened from 5am to 1pm,PCI-01    ,"STRUKMYER, LLC"
2026-12-29 00:00:00,1900-01-02 00:00:00,0000064680,3,BILL      ,3849,MEDISTRIP 1/4 IN X 1.5 IN BULK NON-STERILE,1,165,165,MEDL SLOV ,MEDICAL   ,FALSE,SO,,Medline Assembly Slovakia S.R.O,Malobielicka 284/8,,..,95804          ,          ,0,,Medline Assembly Slovakia S.R.O,Partizanske,DHL EXPRESS Worldwide 954238829,PCI-01    ,"STRUKMYER, LLC"
2026-12-29 00:00:00,1900-01-02 00:00:00,0000064680,2,BILL      ,3853,MEDISTRIP 1 IN X 4 IN BULK NON-STERILE,3,196.5,589.5,MEDL SLOV ,MEDICAL   ,FALSE,SO,,Medline Assembly Slovakia S.R.O,Malobielicka 284/8,,..,95804          ,          ,0,,Medline Assembly Slovakia S.R.O,Partizanske,DHL EXPRESS Worldwide 954238829,PCI-01    ,"STRUKMYER, LLC"
2026-12-29 00:00:00,1900-01-02 00:00:00,0000064680,1,BILL      ,3850,MEDISTRIP 1/2 IN X 4 IN BULK NONSTERILE 3/CD,2,1943,3886,MEDL SLOV ,MEDICAL   ,FALSE,SO,,Medline Assembly Slovakia S.R.O,Malobielicka 284/8,,..,95804          ,          ,0,,Medline Assembly Slovakia S.R.O,Partizanske,DHL EXPRESS Worldwide 954238829,PCI-01    ,"STRUKMYER, LLC"
2026-12-29 00:00:00,1900-01-02 00:00:00,0000064677,20,C46       ,5117,MEDLINE OPTIFOAM THIN 4x4 MSC1544EP,2,94.6,189.2,MEDL      ,MEDICAL   ,FALSE,SO,,"Medline Industries, Inc.",5701 PROMONTORY PKWY,,CA,953779201,          ,0,,Medline Industries LP,TRACY,,PCI-01    ,"STRUKMYER, LLC"
2026-12-29 00:00:00,1900-01-02 00:00:00,0000064674,30,C09       ,5117,MEDLINE OPTIFOAM THIN 4x4 MSC1544EP,4,94.6,378.4,MEDL      ,MEDICAL   ,FALSE,SO,,"Medline Industries, Inc.",1960 W Miro Way,,CA,92376,          ,0,,Medline Industries LP,Rialto,,PCI-01    ,"STRUKMYER, LLC"
2026-12-29 00:00:00,1900-01-02 00:00:00,0000064667,20,C47       ,5117,MEDLINE OPTIFOAM THIN 4x4 MSC1544EP,1,94.6,94.6,MEDL      ,MEDICAL   ,FALSE,SO,,"Medline Industries, Inc.",239 Belvidere Rd,,MD,21903,          ,0,,Medline Industries LP,Perryville,,PCI-01    ,"STRUKMYER, LLC"
2026-12-29 00:00:00,1900-01-02 00:00:00,0000064655,1,LAREDO    ,5117,MEDLINE OPTIFOAM THIN 4x4 MSC1544EP,2,94.6,189.2,MEDL      ,MEDICAL   ,FALSE,SO,,"Medline Industries, Inc.",12001 General Milton Dr,,TX,78045          ,          ,0,,Medline Industries,Laredo,"This location will be inactive Effective 7/17/17. new location 12001 General Milton Dr. Laredo, TX . If customer request NDA -  use  Fedex Collect # 326382027",PCI-01    ,"STRUKMYER, LLC"
2026-12-29 00:00:00,1900-01-02 00:00:00,0000064641,30,C02       ,5117,MEDLINE OPTIFOAM THIN 4x4 MSC1544EP,8,94.6,756.8,MEDL      ,MEDICAL   ,FALSE,SO,,"Medline Industries, Inc.","2200 Cornerstone Pkwy, Ste 100",,IL,60030,          ,0,,Medline Industries LP,Grayslake,,PCI-01    ,"STRUKMYER, LLC"
2026-12-29 00:00:00,1900-01-02 00:00:00,0000064640,20,C46       ,5117,MEDLINE OPTIFOAM THIN 4x4 MSC1544EP,4,94.6,378.4,MEDL      ,MEDICAL   ,FALSE,SO,,"Medline Industries, Inc.",5701 PROMONTORY PKWY,,CA,953779201,          ,0,,Medline Industries LP,TRACY,,PCI-01    ,"STRUKMYER, LLC"
2026-12-29 00:00:00,1900-01-02 00:00:00,0000064640,10,C46       ,5116,MEDLINE OPTIFOAM THIN 2X3 MSC1523EP,1,63.42,63.42,MEDL      ,MEDICAL   ,FALSE,SO,,"Medline Industries, Inc.",5701 PROMONTORY PKWY,,CA,953779201,          ,0,,Medline Industries LP,TRACY,,PCI-01    ,"STRUKMYER, LLC"
2026-12-29 00:00:00,1900-01-02 00:00:00,0000064638,10,B06       ,5117,MEDLINE OPTIFOAM THIN 4x4 MSC1544EP,1,94.6,94.6,MEDL      ,MEDICAL   ,FALSE,SO,,"Medline Industries, Inc.","1 Medline Drive, Suite 100",,TX,75172,          ,0,,Medline Industries LP,Wilmer,,PCI-01    ,"STRUKMYER, LLC"
2026-12-29 00:00:00,1900-01-02 00:00:00,0000064636,20,C47       ,5117,MEDLINE OPTIFOAM THIN 4x4 MSC1544EP,1,94.6,94.6,MEDL      ,MEDICAL   ,FALSE,SO,,"Medline Industries, Inc.",239 Belvidere Rd,,MD,21903,          ,0,,Medline Industries LP,Perryville,,PCI-01    ,"STRUKMYER, LLC"
2026-12-29 00:00:00,1900-01-02 00:00:00,0000064632,40,C02       ,5117,MEDLINE OPTIFOAM THIN 4x4 MSC1544EP,5,94.6,473,MEDL      ,MEDICAL   ,FALSE,SO,,"Medline Industries, Inc.","2200 Cornerstone Pkwy, Ste 100",,IL,60030,          ,0,,Medline Industries LP,Grayslake,,PCI-01    ,"STRUKMYER, LLC"
2026-12-29 00:00:00,1900-01-02 00:00:00,0000064632,30,C02       ,5116,MEDLINE OPTIFOAM THIN 2X3 MSC1523EP,7,63.42,443.94,MEDL      ,MEDICAL   ,FALSE,SO,,"Medline Industries, Inc.","2200 Cornerstone Pkwy, Ste 100",,IL,60030,          ,0,,Medline Industries LP,Grayslake,,PCI-01    ,"STRUKMYER, LLC"
2026-12-29 00:00:00,1900-01-02 00:00:00,0000064629,20,C09       ,5117,MEDLINE OPTIFOAM THIN 4x4 MSC1544EP,5,94.6,473,MEDL      ,MEDICAL   ,FALSE,SO,,"Medline Industries, Inc.",1960 W Miro Way,,CA,92376,          ,0,,Medline Industries LP,Rialto,,PCI-01    ,"STRUKMYER, LLC"
2026-12-29 00:00:00,1900-01-02 00:00:00,0000064623,1,LAREDO    ,6010,MEDLINE CURAD MEDISTRIP 1/2 X 4 IN STERILE NON250412,20,102,2040,MEDL      ,MEDICAL   ,FALSE,SO,,"Medline Industries, Inc.",12001 General Milton Dr,,TX,78045          ,          ,2,,Medline Industries,Laredo,"This location will be inactive Effective 7/17/17. new location 12001 General Milton Dr. Laredo, TX . If customer request NDA -  use  Fedex Collect # 326382027",PCI-01    ,"STRUKMYER, LLC"
2026-12-29 00:00:00,1900-01-02 00:00:00,0000064609,1,MORENO    ,6013,MEDLINE CURAD MEDI STRIP 1 X 5 NON250501,5,123,615,MEDL      ,MEDICAL   ,FALSE,SO,,"Medline Industries, Inc.",16415 Cosmos Street,,CA,92551          ,          ,0,,Medline - SPT Division,Moreno Valley,call for dock appointment 951-296-2639 x 4237 or email yduran@medline.com,PCI-01    ,"STRUKMYER, LLC"
2026-12-29 00:00:00,1900-01-02 00:00:00,0000064608,1,MORENO    ,6010,MEDLINE CURAD MEDISTRIP 1/2 X 4 IN STERILE NON250412,6,102,612,MEDL      ,MEDICAL   ,FALSE,SO,,"Medline Industries, Inc.",16415 Cosmos Street,,CA,92551          ,          ,2,,Medline - SPT Division,Moreno Valley,call for dock appointment 951-296-2639 x 4237 or email yduran@medline.com,PCI-01    ,"STRUKMYER, LLC"
2026-12-29 00:00:00,1900-01-02 00:00:00,0000064602,1,G-Global  ,6010,MEDLINE CURAD MEDISTRIP 1/2 X 4 IN STERILE NON250412,50,102,5100,CENTURION ,MEDICAL   ,FALSE,SO,,Centurion Medical Products Corp,C/O G-Global Logistics Inc,1776 Pan American St. Building B Suite 100,CA,92231          ,          ,2,,Centurion Medical,Calexico,,PCI-01    ,"STRUKMYER, LLC"
2026-12-29 00:00:00,1900-01-02 00:00:00,0000064583,1,MORENO    ,6013,MEDLINE CURAD MEDI STRIP 1 X 5 NON250501,4,123,492,MEDL      ,MEDICAL   ,FALSE,SO,,"Medline Industries, Inc.",16415 Cosmos Street,,CA,92551          ,          ,0,,Medline - SPT Division,Moreno Valley,call for dock appointment 951-296-2639 x 4237 or email yduran@medline.com,PCI-01    ,"STRUKMYER, LLC"
2026-12-29 00:00:00,1900-01-02 00:00:00,0000064582,2,MORENO    ,6008,"MEDLINE CURAD MEDISTRIP 1/4 X 1.5 IN, STERILE NON250114",1,71.94,71.94,MEDL      ,MEDICAL   ,FALSE,SO,,"Medline Industries, Inc.",16415 Cosmos Street,,CA,92551          ,          ,1,,Medline - SPT Division,Moreno Valley,call for dock appointment 951-296-2639 x 4237 or email yduran@medline.com,PCI-01    ,"STRUKMYER, LLC"
2026-12-29 00:00:00,1900-01-02 00:00:00,0000064580,1,LAREDO    ,6013,MEDLINE CURAD MEDI STRIP 1 X 5 NON250501,9,123,1107,MEDL      ,MEDICAL   ,FALSE,SO,,"Medline Industries, Inc.",12001 General Milton Dr,,TX,78045          ,          ,0,,Medline Industries,Laredo,"This location will be inactive Effective 7/17/17. new location 12001 General Milton Dr. Laredo, TX . If customer request NDA -  use  Fedex Collect # 326382027",PCI-01    ,"STRUKMYER, LLC"
2026-12-29 00:00:00,1900-01-02 00:00:00,0000064574,10,C50       ,5116,MEDLINE OPTIFOAM THIN 2X3 MSC1523EP,2,63.42,126.84,MEDL      ,MEDICAL   ,FALSE,SO,,"Medline Industries, Inc.",8787 W BUCKEYE RD,,AZ,853539399,          ,0,,Medline Industries LP,TOLLESON,,PCI-01    ,"STRUKMYER, LLC"
2026-12-29 00:00:00,1900-01-02 00:00:00,0000064572,20,C03       ,5116,MEDLINE OPTIFOAM THIN 2X3 MSC1523EP,33,63.42,2092.86,MEDL      ,MEDICAL   ,FALSE,SO,,"Medline Industries, Inc.",1500 Medline Place,,GA,30253,          ,0,,Medline Industries LP,McDonough,,PCI-01    ,"STRUKMYER, LLC"
2026-12-29 00:00:00,1900-01-02 00:00:00,0000064571,20,C09       ,5117,MEDLINE OPTIFOAM THIN 4x4 MSC1544EP,5,94.6,473,MEDL      ,MEDICAL   ,FALSE,SO,,"Medline Industries, Inc.",1960 W Miro Way,,CA,92376,          ,0,,Medline Industries LP,Rialto,,PCI-01    ,"STRUKMYER, LLC"
2026-12-29 00:00:00,1900-01-02 00:00:00,0000064566,10,C47       ,5117,MEDLINE OPTIFOAM THIN 4x4 MSC1544EP,1,94.6,94.6,MEDL      ,MEDICAL   ,FALSE,SO,,"Medline Industries, Inc.",239 Belvidere Rd,,MD,21903,          ,0,,Medline Industries LP,Perryville,,PCI-01    ,"STRUKMYER, LLC"
2026-12-29 00:00:00,1900-01-02 00:00:00,0000064537,20,C46       ,5117,MEDLINE OPTIFOAM THIN 4x4 MSC1544EP,12,94.6,1135.2,MEDL      ,MEDICAL   ,FALSE,SO,,"Medline Industries, Inc.",5701 PROMONTORY PKWY,,CA,953779201,          ,0,,Medline Industries LP,TRACY,,PCI-01    ,"STRUKMYER, LLC"
2026-12-29 00:00:00,1900-01-02 00:00:00,0000064491,1,LAREDO    ,6010,MEDLINE CURAD MEDISTRIP 1/2 X 4 IN STERILE NON250412,20,102,2040,MEDL      ,MEDICAL   ,FALSE,SO,,"Medline Industries, Inc.",12001 General Milton Dr,,TX,78045          ,          ,2,,Medline Industries,Laredo,"This location will be inactive Effective 7/17/17. new location 12001 General Milton Dr. Laredo, TX . If customer request NDA -  use  Fedex Collect # 326382027",PCI-01    ,"STRUKMYER, LLC"
2026-12-29 00:00:00,1900-01-02 00:00:00,0000064473,20,C46       ,5116,MEDLINE OPTIFOAM THIN 2X3 MSC1523EP,1,63.42,63.42,MEDL      ,MEDICAL   ,FALSE,SO,,"Medline Industries, Inc.",5701 PROMONTORY PKWY,,CA,953779201,          ,0,,Medline Industries LP,TRACY,,PCI-01    ,"STRUKMYER, LLC"
2026-12-29 00:00:00,1900-01-02 00:00:00,0000064465,1,MORENO    ,6008,"MEDLINE CURAD MEDISTRIP 1/4 X 1.5 IN, STERILE NON250114",1,71.94,71.94,MEDL      ,MEDICAL   ,FALSE,SO,,"Medline Industries, Inc.",16415 Cosmos Street,,CA,92551          ,          ,1,,Medline - SPT Division,Moreno Valley,call for dock appointment 951-296-2639 x 4237 or email yduran@medline.com,PCI-01    ,"STRUKMYER, LLC"
2026-12-29 00:00:00,1900-01-02 00:00:00,0000064461,1,LAREDO    ,6013,MEDLINE CURAD MEDI STRIP 1 X 5 NON250501,17,123,2091,MEDL      ,MEDICAL   ,FALSE,SO,,"Medline Industries, Inc.",12001 General Milton Dr,,TX,78045          ,          ,0,,Medline Industries,Laredo,"This location will be inactive Effective 7/17/17. new location 12001 General Milton Dr. Laredo, TX . If customer request NDA -  use  Fedex Collect # 326382027",PCI-01    ,"STRUKMYER, LLC"
2026-12-29 00:00:00,1900-01-02 00:00:00,0000064460,1,LAREDO    ,6008,"MEDLINE CURAD MEDISTRIP 1/4 X 1.5 IN, STERILE NON250114",3,71.94,215.82,MEDL      ,MEDICAL   ,FALSE,SO,,"Medline Industries, Inc.",12001 General Milton Dr,,TX,78045          ,          ,1,,Medline Industries,Laredo,"This location will be inactive Effective 7/17/17. new location 12001 General Milton Dr. Laredo, TX . If customer request NDA -  use  Fedex Collect # 326382027",PCI-01    ,"STRUKMYER, LLC"
2026-12-29 00:00:00,1900-01-02 00:00:00,0000064457,2,LAREDO    ,6011,MEDLINE CURAD MEDISTRIP 1/4 X 4 IN STERILE NON250414,1,127.14,127.14,MEDL      ,MEDICAL   ,FALSE,SO,,"Medline Industries, Inc.",12001 General Milton Dr,,TX,78045          ,          ,0,,Medline Industries,Laredo,"This location will be inactive Effective 7/17/17. new location 12001 General Milton Dr. Laredo, TX . If customer request NDA -  use  Fedex Collect # 326382027",PCI-01    ,"STRUKMYER, LLC"
2026-12-29 00:00:00,1900-01-02 00:00:00,0000064457,1,LAREDO    ,6008,"MEDLINE CURAD MEDISTRIP 1/4 X 1.5 IN, STERILE NON250114",3,71.94,215.82,MEDL      ,MEDICAL   ,FALSE,SO,,"Medline Industries, Inc.",12001 General Milton Dr,,TX,78045          ,          ,1,,Medline Industries,Laredo,"This location will be inactive Effective 7/17/17. new location 12001 General Milton Dr. Laredo, TX . If customer request NDA -  use  Fedex Collect # 326382027",PCI-01    ,"STRUKMYER, LLC"
2026-12-29 00:00:00,1900-01-02 00:00:00,0000064455,1,LAREDO    ,6010,MEDLINE CURAD MEDISTRIP 1/2 X 4 IN STERILE NON250412,20,102,2040,MEDL      ,MEDICAL   ,FALSE,SO,,"Medline Industries, Inc.",12001 General Milton Dr,,TX,78045          ,          ,2,,Medline Industries,Laredo,"This location will be inactive Effective 7/17/17. new location 12001 General Milton Dr. Laredo, TX . If customer request NDA -  use  Fedex Collect # 326382027",PCI-01    ,"STRUKMYER, LLC"
2026-12-29 00:00:00,2025-10-15 00:00:00,0000064402,20,C89       ,5116,MEDLINE OPTIFOAM THIN 2X3 MSC1523EP,1,63.42,63.42,MEDL      ,MEDICAL   ,FALSE,SO,,"Medline Industries, Inc.",251 Hilton Dr,,IN,47130,          ,0,,Medline Industries LP,Jeffersonville,,PCI-01    ,"STRUKMYER, LLC"
2026-12-29 00:00:00,2025-10-15 00:00:00,0000064401,10,C50       ,5116,MEDLINE OPTIFOAM THIN 2X3 MSC1523EP,1,63.42,63.42,MEDL      ,MEDICAL   ,FALSE,SO,,"Medline Industries, Inc.",8787 W BUCKEYE RD,,AZ,853539399,          ,0,,Medline Industries LP,TOLLESON,,PCI-01    ,"STRUKMYER, LLC"
2026-12-29 00:00:00,2025-10-15 00:00:00,0000064397,20,C46       ,5116,MEDLINE OPTIFOAM THIN 2X3 MSC1523EP,2,63.42,126.84,MEDL      ,MEDICAL   ,FALSE,SO,,"Medline Industries, Inc.",5701 PROMONTORY PKWY,,CA,953779201,          ,0,,Medline Industries LP,TRACY,,PCI-01    ,"STRUKMYER, LLC"
2026-12-29 00:00:00,2025-10-15 00:00:00,0000064393,10,B28       ,5116,MEDLINE OPTIFOAM THIN 2X3 MSC1523EP,2,63.42,126.84,MEDL      ,MEDICAL   ,FALSE,SO,,"Medline Industries, Inc.",735 County Rd. 4 EAST,,AL,36067,          ,0,,Medline Industries LP,Prattville,,PCI-01    ,"STRUKMYER, LLC"
2026-12-29 00:00:00,2025-10-15 00:00:00,0000064390,10,B48       ,5116,MEDLINE OPTIFOAM THIN 2X3 MSC1523EP,3,63.42,190.26,MEDL      ,MEDICAL   ,FALSE,SO,,"Medline Industries, Inc.",36445 Van Born Road STE 200,,MI,48174,          ,0,,Medline Industries LP,Romulus,,PCI-01    ,"STRUKMYER, LLC"
2026-12-29 00:00:00,2025-09-30 00:00:00,0000064349,10,B48       ,5116,MEDLINE OPTIFOAM THIN 2X3 MSC1523EP,4,63.42,253.68,MEDL      ,MEDICAL   ,FALSE,SO,,"Medline Industries, Inc.",36445 Van Born Road STE 200,,MI,48174,          ,0,,Medline Industries LP,Romulus,,PCI-01    ,"STRUKMYER, LLC"
2026-12-29 00:00:00,2025-09-17 00:00:00,0000064315,30,C46       ,5116,MEDLINE OPTIFOAM THIN 2X3 MSC1523EP,1,63.42,63.42,MEDL      ,MEDICAL   ,FALSE,SO,,"Medline Industries, Inc.",5701 PROMONTORY PKWY,,CA,953779201,          ,0,,Medline Industries LP,TRACY,,PCI-01    ,"STRUKMYER, LLC"
2026-12-29 00:00:00,2025-09-03 00:00:00,0000064254,20,B06       ,5116,MEDLINE OPTIFOAM THIN 2X3 MSC1523EP,2,63.42,126.84,MEDL      ,MEDICAL   ,FALSE,SO,,"Medline Industries, Inc.","1 Medline Drive, Suite 100",,TX,75172,          ,0,,Medline Industries LP,Wilmer,,PCI-01    ,"STRUKMYER, LLC"
2026-12-29 00:00:00,2025-08-20 00:00:00,0000064226,10,B28       ,5116,MEDLINE OPTIFOAM THIN 2X3 MSC1523EP,2,63.42,126.84,MEDL      ,MEDICAL   ,FALSE,SO,,"Medline Industries, Inc.",735 County Rd. 4 EAST,,AL,36067,          ,0,,Medline Industries LP,Prattville,,PCI-01    ,"STRUKMYER, LLC"
2026-12-29 00:00:00,2025-08-06 00:00:00,0000064175,20,C89       ,5116,MEDLINE OPTIFOAM THIN 2X3 MSC1523EP,12,63.42,761.04,MEDL      ,MEDICAL   ,FALSE,SO,,"Medline Industries, Inc.",251 Hilton Dr,,IN,47130,          ,0,,Medline Industries LP,Jeffersonville,,PCI-01    ,"STRUKMYER, LLC"
2026-12-29 00:00:00,2025-08-06 00:00:00,0000064168,20,C46       ,5116,MEDLINE OPTIFOAM THIN 2X3 MSC1523EP,7,63.42,443.94,MEDL      ,MEDICAL   ,FALSE,SO,,"Medline Industries, Inc.",5701 PROMONTORY PKWY,,CA,953779201,          ,0,,Medline Industries LP,TRACY,,PCI-01    ,"STRUKMYER, LLC"
2026-12-29 00:00:00,2025-08-06 00:00:00,0000064162,10,C03       ,5116,MEDLINE OPTIFOAM THIN 2X3 MSC1523EP,3,63.42,190.26,MEDL      ,MEDICAL   ,FALSE,SO,,"Medline Industries, Inc.",1500 Medline Place,,GA,30253,          ,0,,Medline Industries LP,McDonough,,PCI-01    ,"STRUKMYER, LLC"
2026-12-29 00:00:00,2025-08-06 00:00:00,0000064161,10,B28       ,5116,MEDLINE OPTIFOAM THIN 2X3 MSC1523EP,1,63.42,63.42,MEDL      ,MEDICAL   ,FALSE,SO,,"Medline Industries, Inc.",735 County Rd. 4 EAST,,AL,36067,          ,0,,Medline Industries LP,Prattville,,PCI-01    ,"STRUKMYER, LLC"
