SONumber,OrderDate,CustomerCode,CustomerName,SalesRepName,CustomerPONumber,RequestedShipDate,ItemCode,ItemDescription,LineAmount
64853.0,2026-01-02,MEDL      ,"Medline Industries, Inc.",Brian Davies,4519453530              ,2026-03-31,003132                  ,MEDLINE CURAD NASAL TUBE HOLDER CURNASTUB50,165.0
64854.0,2026-01-02,MEDL      ,"Medline Industries, Inc.",Brian Davies,4519453531              ,2026-03-31,003132                  ,MEDLINE CURAD NASAL TUBE HOLDER CURNASTUB50,495.0
64855.0,2026-01-02,MEDL      ,"Medline Industries, Inc.",Brian Davies,4519453529              ,2026-03-31,005116                  ,MEDLINE OPTIFOAM THIN 2X3 MSC1523EP,63.42
64856.0,2026-01-02,MEDL      ,"Medline Industries, Inc.",Brian Davies,4519453534              ,2026-03-31,005116                  ,MEDLINE OPTIFOAM THIN 2X3 MSC1523EP,126.84
64856.0,2026-01-02,MEDL      ,"Medline Industries, Inc.",Brian Davies,4519453534              ,2026-03-31,005979                  ,"MEDLINE SUREFILM 4"" X 11 YARDS MSC2404",32121.6
64858.0,2026-01-05,MEDL      ,"Medline Industries, Inc.",Brian Davies,4519458618              ,2026-04-01,003132                  ,MEDLINE CURAD NASAL TUBE HOLDER CURNASTUB50,165.0
64859.0,2026-01-05,MEDL      ,"Medline Industries, Inc.",Brian Davies,4519458611              ,2026-04-01,005116                  ,MEDLINE OPTIFOAM THIN 2X3 MSC1523EP,190.26
64859.0,2026-01-05,MEDL      ,"Medline Industries, Inc.",Brian Davies,4519458611              ,2026-04-01,005117                  ,MEDLINE OPTIFOAM THIN 4x4 MSC1544EP,94.6
64866.0,2026-01-05,MEDL      ,"Medline Industries, Inc.",Brian Davies,4519458612              ,2026-04-01,003132                  ,MEDLINE CURAD NASAL TUBE HOLDER CURNASTUB50,220.0
64867.0,2026-01-05,MEDL      ,"Medline Industries, Inc.",Brian Davies,4519458620              ,2026-04-01,003132                  ,MEDLINE CURAD NASAL TUBE HOLDER CURNASTUB50,275.0
64867.0,2026-01-05,MEDL      ,"Medline Industries, Inc.",Brian Davies,4519458620              ,2026-04-01,005117                  ,MEDLINE OPTIFOAM THIN 4x4 MSC1544EP,946.0
64868.0,2026-01-05,MEDL      ,"Medline Industries, Inc.",Brian Davies,4519458628              ,2026-04-01,003132                  ,MEDLINE CURAD NASAL TUBE HOLDER CURNASTUB50,55.0
64868.0,2026-01-05,MEDL      ,"Medline Industries, Inc.",Brian Davies,4519458628              ,2026-04-01,005117                  ,MEDLINE OPTIFOAM THIN 4x4 MSC1544EP,662.2
64869.0,2026-01-05,MEDL      ,"Medline Industries, Inc.",Brian Davies,4519458630              ,2026-04-01,003132                  ,MEDLINE CURAD NASAL TUBE HOLDER CURNASTUB50,385.0
64870.0,2026-01-05,MEDL      ,"Medline Industries, Inc.",Brian Davies,4519458617              ,2026-04-01,003132                  ,MEDLINE CURAD NASAL TUBE HOLDER CURNASTUB50,935.0
64860.0,2026-01-05,MEDL      ,"Medline Industries, Inc.",Brian Davies,4519458634              ,2026-04-01,003132                  ,MEDLINE CURAD NASAL TUBE HOLDER CURNASTUB50,330.0
64861.0,2026-01-05,MEDL      ,"Medline Industries, Inc.",Brian Davies,4519458632              ,2026-04-01,003132                  ,MEDLINE CURAD NASAL TUBE HOLDER CURNASTUB50,495.0
64861.0,2026-01-05,MEDL      ,"Medline Industries, Inc.",Brian Davies,4519458632              ,2026-04-01,005117                  ,MEDLINE OPTIFOAM THIN 4x4 MSC1544EP,756.8
64862.0,2026-01-05,MEDL      ,"Medline Industries, Inc.",Brian Davies,4519458629              ,2026-04-01,003132                  ,MEDLINE CURAD NASAL TUBE HOLDER CURNASTUB50,55.0
64862.0,2026-01-05,MEDL      ,"Medline Industries, Inc.",Brian Davies,4519458629              ,2026-04-01,005117                  ,MEDLINE OPTIFOAM THIN 4x4 MSC1544EP,567.6
64863.0,2026-01-05,MEDL      ,"Medline Industries, Inc.",Brian Davies,4519458624              ,2026-04-01,003132                  ,MEDLINE CURAD NASAL TUBE HOLDER CURNASTUB50,990.0
64863.0,2026-01-05,MEDL      ,"Medline Industries, Inc.",Brian Davies,4519458624              ,2026-04-01,005117                  ,MEDLINE OPTIFOAM THIN 4x4 MSC1544EP,851.4
64863.0,2026-01-05,MEDL      ,"Medline Industries, Inc.",Brian Davies,4519458624              ,2026-04-01,005975                  ,"MEDLINE SUREFILM 2"" X 11 YARDS MSC2402",79.89
64864.0,2026-01-05,MEDL      ,"Medline Industries, Inc.",Brian Davies,4519458614              ,2026-04-01,003132                  ,MEDLINE CURAD NASAL TUBE HOLDER CURNASTUB50,275.0
64864.0,2026-01-05,MEDL      ,"Medline Industries, Inc.",Brian Davies,4519458614              ,2026-04-01,005116                  ,MEDLINE OPTIFOAM THIN 2X3 MSC1523EP,317.1
64865.0,2026-01-05,MEDL      ,"Medline Industries, Inc.",Brian Davies,4519458621              ,2026-04-01,003132                  ,MEDLINE CURAD NASAL TUBE HOLDER CURNASTUB50,110.0
64857.0,2026-01-05,GlorySun  ,"Mingguang Glory Sun Precision Technology Co., Ltd.",Bryan Daniels,20260102001             ,2026-03-02,006145                  ,MEDLINE/GLORY SUN SAFE SECURE FOAM BASE,46800.0
64871.0,2026-01-06,MEDL      ,"Medline Industries, Inc.",Brian Davies,110444040               ,2026-04-25,005117                  ,MEDLINE OPTIFOAM THIN 4x4 MSC1544EP,283.8
64872.0,2026-01-06,MEDL      ,"Medline Industries, Inc.",Brian Davies,110444040               ,2026-02-13,000609                  ,MEDISTRIP 1/4 IN X 3 IN BULK,952.0
64873.0,2026-01-06,MEDL      ,"Medline Industries, Inc.",Bryan Daniels,500398909               ,2026-04-11,006011                  ,MEDLINE CURAD MEDISTRIP 1/4 X 4 IN STERILE NON250414,127.14
64874.0,2026-01-06,HARMAC    ,"Harmac Medical Products, Inc",Jennifer Hurrell,41625                   ,2026-01-13,007235                  ,HARMAC PRTD DRAPE ASSEMBLY P3113231 REV.C  (ROW),1064.4
64879.0,2026-01-07,FREUD     ,Freudenberg Performance Materials LP,Bryan Daniels,47022366                ,2026-06-05,005045                  ,FREUDENBERG 30cm X 47cm Nonwoven Sheets 122P0463,40750.0
64881.0,2026-01-08,URGO      ,URGO Medical,Bryan Daniels,PO00137313              ,2026-05-04,007152                  ,URGO - VASHE 118 ml Flip Top 00312,418936.32
64882.0,2026-01-08,URGO      ,URGO Medical,Bryan Daniels,PO00137313              ,2026-04-27,007153                  ,URGO - VASHE 250 ml Flip Top 00313,274487.52
64883.0,2026-01-08,URGO      ,URGO Medical,Bryan Daniels,PO00137313              ,2026-04-20,007155                  ,URGO - VASHE 250 ml Instill 00316,17342.64
64880.0,2026-01-08,HARMAC    ,"Harmac Medical Products, Inc",Jennifer Hurrell,41559                   ,2026-05-08,003958                  ,Harmac Filter Disc P3113306 Rev E,29160.0
64886.0,2026-01-09,BETACERA  ,Betacera (Su Zhou) Co Ltd,Bryan Daniels,A25110576               ,2026-05-12,004671                  ,"MEASUREMENT SPECIALTIES Foam Probe Cover, 1” Round, BC-700677",3948.28
64884.0,2026-01-09,KC        ,"O&M Halyard, Inc",Jennifer Hurrell,18271838                ,2026-03-09,000104                  ,"K-C AVENT TAPE  0.5"" ON MASK #ROSU00588 Rev 3",43650.0
64885.0,2026-01-09,KC        ,"O&M Halyard, Inc",Jennifer Hurrell,18271837                ,2026-02-23,000104                  ,"K-C AVENT TAPE  0.5"" ON MASK #ROSU00588 Rev 3",43650.0
64888.0,2026-01-09,MPM-COL   ,MPM Medical LLC - COL,PCI House Account,51496                   ,2026-01-09,004679                  ,BM 2110 USA DOMESTIC BOVINE COLLAGEN DOUGH,6410.7792
64889.0,2026-01-12,ISI       ,Instrument Specialists Inc,Bryan Daniels,White Boxes             ,2026-01-12,006837                  ,"ALUMI-HAND XL 761 .040"" SBS CARTON 13.75""X3.0"" X 13.5""",0.0
64892.0,2026-01-13,HARM IRE  ,Harmac Medical Products,Andrew Weinbach,043875                  ,2026-06-20,007235                  ,HARMAC PRTD DRAPE ASSEMBLY P3113231 REV.C  (ROW),125064.0
64893.0,2026-01-13,HARM IRE  ,Harmac Medical Products,Andrew Weinbach,043875                  ,2026-06-06,003958                  ,Harmac Filter Disc P3113306 Rev E,54675.0
64890.0,2026-01-13,MEDL EURO ,Medline Assembly France SAS,Bryan Daniels,F9223                   ,2026-03-22,003850                  ,MEDISTRIP 1/2 IN X 4 IN BULK NONSTERILE 3/CD,3886.0
64890.0,2026-01-13,MEDL EURO ,Medline Assembly France SAS,Bryan Daniels,F9223                   ,2026-03-22,003851                  ,MEDISTRIP 1/4 IN X 4 IN BULK NON-STERILE 5/CD,780.0
64890.0,2026-01-13,MEDL EURO ,Medline Assembly France SAS,Bryan Daniels,F9223                   ,2026-03-22,003852                  ,MEDISTRIP 1/4 IN X 3 IN BULK NON-STERILE,119.0
64891.0,2026-01-13,HARMAC    ,"Harmac Medical Products, Inc",Jennifer Hurrell,41648                   ,2026-01-30,004821                  ,"HARMAC .75"" FILTER PUNCH P2998015   REV.C",6661.28
64895.0,2026-01-13,MEDL      ,"Medline Industries, Inc.",Brian Davies,110444583               ,2026-05-01,005117                  ,MEDLINE OPTIFOAM THIN 4x4 MSC1544EP,283.8
64896.0,2026-01-13,MEDL      ,"Medline Industries, Inc.",Brian Davies,110444583               ,2026-03-21,000606                  ,MEDISTRIP 1/8 IN X 3 IN BULK,193.8
64897.0,2026-01-13,MEDL      ,"Medline Industries, Inc.",Bryan Daniels,500399088               ,2026-01-20,004785                  ,"MEDLINE 119883 10""x16"" Instrument Drape",160.0
64898.0,2026-01-14,Nexgel    ,Nexgel,Jennifer Hurrell,Excess Inventory        ,1900-01-02,N-4001                  ,"NEXGEL SILVERSEAL 13.78"" PRINTED FOIL PACKAGING 202.1",9007.32
64898.0,2026-01-14,Nexgel    ,Nexgel,Jennifer Hurrell,Excess Inventory        ,1900-01-02,N-4001                  ,NEXGEL SILVERSEAL SBS CARTON 4x1.25x4.75,888.42
64898.0,2026-01-14,Nexgel    ,Nexgel,Jennifer Hurrell,Excess Inventory        ,1900-01-02,N-4001                  ,NEXGEL TURFGUARD SBS CARTON 4x1.25x4.75,736.23
64898.0,2026-01-14,Nexgel    ,Nexgel,Jennifer Hurrell,Excess Inventory        ,1900-01-02,N-4001                  ,"NEXGEL TURFGUARD 13.78"" PRINTED FOIL PACKAGING",715.43
64898.0,2026-01-14,Nexgel    ,Nexgel,Jennifer Hurrell,Excess Inventory        ,1900-01-02,N-4001                  ,BOX - 10 X 7 X 9 SHIPPER CASE S-21062,683.38
64898.0,2026-01-14,Nexgel    ,Nexgel,Jennifer Hurrell,Excess Inventory        ,1900-01-02,N-4001                  ,NEXGEL SILVERSEAL IFU,36.44
64898.0,2026-01-14,Nexgel    ,Nexgel,Jennifer Hurrell,Excess Inventory        ,1900-01-02,N-4001                  ,NEXGEL TURFGUARD IFU,29.42
64898.0,2026-01-14,Nexgel    ,Nexgel,Jennifer Hurrell,Excess Inventory        ,1900-01-02,N-4001                  ,"CS NEXGEL 0.007"" BLUE LDPE LINER 4.0"" / 2.375"" SET",0.0
64898.0,2026-01-14,Nexgel    ,Nexgel,Jennifer Hurrell,Excess Inventory        ,1900-01-02,N-4001                  ,"CS NEXGEL 0.007"" BLUE LDPE LINER 16.75""",0.0
64898.0,2026-01-14,Nexgel    ,Nexgel,Jennifer Hurrell,Excess Inventory        ,1900-01-02,N-4001                  ,"CS NEXGEL .007MIL BLUE LDPE LINER 9.875""",0.0
64898.0,2026-01-14,Nexgel    ,Nexgel,Jennifer Hurrell,Excess Inventory        ,1900-01-02,N-4001                  ,"CS NEXGEL HYDROGEL W/SILVER 14.0"" NEX-920602-B",0.0
64899.0,2026-01-15,PHARMCHEM ,PharmChem,Bryan Daniels,PO000078                ,2026-01-30,N-4001                  ,PHARMCHEM TRUPATCH OVERLAY SUB,2259.94
64899.0,2026-01-15,PHARMCHEM ,PharmChem,Bryan Daniels,PO000078                ,2026-01-30,N-4001                  ,"PHARMCHEM TRUPATCH PRTD EASY RELEASE LINER 4.625""",200.0
64899.0,2026-01-15,PHARMCHEM ,PharmChem,Bryan Daniels,PO000078                ,2026-01-30,N-4001                  ,"IFU TRUPATCH 3.5"" x 5.5"" FOLDED",175.87
64899.0,2026-01-15,PHARMCHEM ,PharmChem,Bryan Daniels,PO000078                ,2026-01-30,N-4001                  ,"SBS CARTON TRUPATCH EXTENDED PANEL KIT 5.0"" x 2.90"" x 7.75""",65.49
64899.0,2026-01-15,PHARMCHEM ,PharmChem,Bryan Daniels,PO000078                ,2026-01-30,N-4001                  ,"SBS CARTON TRUPATCH STANDARD PANEL KIT 5.0"" x 2.90"" x 7.75""",64.73
64899.0,2026-01-15,PHARMCHEM ,PharmChem,Bryan Daniels,PO000078                ,2026-01-30,N-4001                  ,"TRUPATCH 2X3 PRTD PPG30 10.5""",333.19
64899.0,2026-01-15,PHARMCHEM ,PharmChem,Bryan Daniels,PO000078                ,2026-01-30,N-4001                  ,PHARMCHEM 2x3  10 COUNT SBS CARTON,60.95
64899.0,2026-01-15,PHARMCHEM ,PharmChem,Bryan Daniels,PO000078                ,2026-01-30,N-4001                  ,PHARMCHEM 2x3  10 COUNT SBS CARTON,661.67
64901.0,2026-01-19,Next Sci  ,OSARTIS GmbH,Bryan Daniels,sample Order            ,1900-01-02,007310                  ,NEXT SCIENCE BRANDED 1.0oz BLASTX MC-WG-0001-12,270.0
64902.0,2026-01-19,MEDL SLOV ,Medline Assembly Slovakia S.R.O,PCI House Account,S6864                   ,2026-03-29,003849                  ,MEDISTRIP 1/4 IN X 1.5 IN BULK NON-STERILE,330.0
64902.0,2026-01-19,MEDL SLOV ,Medline Assembly Slovakia S.R.O,PCI House Account,S6864                   ,2026-03-29,003850                  ,MEDISTRIP 1/2 IN X 4 IN BULK NONSTERILE 3/CD,7772.0
64902.0,2026-01-19,MEDL SLOV ,Medline Assembly Slovakia S.R.O,PCI House Account,S6864                   ,2026-03-29,003851                  ,MEDISTRIP 1/4 IN X 4 IN BULK NON-STERILE 5/CD,390.0
64902.0,2026-01-19,MEDL SLOV ,Medline Assembly Slovakia S.R.O,PCI House Account,S6864                   ,2026-03-29,003852                  ,MEDISTRIP 1/4 IN X 3 IN BULK NON-STERILE,476.0
64902.0,2026-01-19,MEDL SLOV ,Medline Assembly Slovakia S.R.O,PCI House Account,S6864                   ,2026-03-29,003853                  ,MEDISTRIP 1 IN X 4 IN BULK NON-STERILE,1179.0
64903.0,2026-01-19,MEDL      ,"Medline Industries, Inc.",Brian Davies,4519510474              ,2026-04-14,005117                  ,MEDLINE OPTIFOAM THIN 4x4 MSC1544EP,189.2
64903.0,2026-01-19,MEDL      ,"Medline Industries, Inc.",Brian Davies,4519510474              ,2026-04-14,005975                  ,"MEDLINE SUREFILM 2"" X 11 YARDS MSC2402",79.89
64910.0,2026-01-19,MEDL      ,"Medline Industries, Inc.",Brian Davies,4519510461              ,2026-04-14,005116                  ,MEDLINE OPTIFOAM THIN 2X3 MSC1523EP,253.68
64911.0,2026-01-19,MEDL      ,"Medline Industries, Inc.",Brian Davies,4519510460              ,2026-04-14,005116                  ,MEDLINE OPTIFOAM THIN 2X3 MSC1523EP,1712.34
64911.0,2026-01-19,MEDL      ,"Medline Industries, Inc.",Brian Davies,4519510460              ,2026-04-14,005975                  ,"MEDLINE SUREFILM 2"" X 11 YARDS MSC2402",79.89
64912.0,2026-01-19,MEDL      ,"Medline Industries, Inc.",Brian Davies,4519510471              ,2026-04-14,003132                  ,MEDLINE CURAD NASAL TUBE HOLDER CURNASTUB50,55.0
64913.0,2026-01-19,MEDL      ,"Medline Industries, Inc.",Brian Davies,4519510480              ,2026-04-14,003132                  ,MEDLINE CURAD NASAL TUBE HOLDER CURNASTUB50,55.0
64914.0,2026-01-19,MEDL      ,"Medline Industries, Inc.",Brian Davies,4519510481              ,2026-04-14,005117                  ,MEDLINE OPTIFOAM THIN 4x4 MSC1544EP,94.6
64915.0,2026-01-19,MEDL      ,"Medline Industries, Inc.",Brian Davies,4519510482              ,2026-04-14,003132                  ,MEDLINE CURAD NASAL TUBE HOLDER CURNASTUB50,55.0
64904.0,2026-01-19,MEDL      ,"Medline Industries, Inc.",Brian Davies,4519510478              ,2026-04-14,003132                  ,MEDLINE CURAD NASAL TUBE HOLDER CURNASTUB50,110.0
64905.0,2026-01-19,MEDL      ,"Medline Industries, Inc.",Brian Davies,4519510469              ,2026-04-14,003132                  ,MEDLINE CURAD NASAL TUBE HOLDER CURNASTUB50,55.0
64905.0,2026-01-19,MEDL      ,"Medline Industries, Inc.",Brian Davies,4519510469              ,2026-04-14,005116                  ,MEDLINE OPTIFOAM THIN 2X3 MSC1523EP,190.26
64905.0,2026-01-19,MEDL      ,"Medline Industries, Inc.",Brian Davies,4519510469              ,2026-04-14,005117                  ,MEDLINE OPTIFOAM THIN 4x4 MSC1544EP,567.6
64906.0,2026-01-19,MEDL      ,"Medline Industries, Inc.",Brian Davies,4519510470              ,2026-04-14,003132                  ,MEDLINE CURAD NASAL TUBE HOLDER CURNASTUB50,55.0
64906.0,2026-01-19,MEDL      ,"Medline Industries, Inc.",Brian Davies,4519510470              ,2026-04-14,005117                  ,MEDLINE OPTIFOAM THIN 4x4 MSC1544EP,1135.2
64907.0,2026-01-19,MEDL      ,"Medline Industries, Inc.",Brian Davies,4519510467              ,2026-04-14,003132                  ,MEDLINE CURAD NASAL TUBE HOLDER CURNASTUB50,165.0
64907.0,2026-01-19,MEDL      ,"Medline Industries, Inc.",Brian Davies,4519510467              ,2026-04-14,005117                  ,MEDLINE OPTIFOAM THIN 4x4 MSC1544EP,189.2
64908.0,2026-01-19,MEDL      ,"Medline Industries, Inc.",Brian Davies,4519510465              ,2026-04-14,005116                  ,MEDLINE OPTIFOAM THIN 2X3 MSC1523EP,2409.96
64908.0,2026-01-19,MEDL      ,"Medline Industries, Inc.",Brian Davies,4519510465              ,2026-04-14,005117                  ,MEDLINE OPTIFOAM THIN 4x4 MSC1544EP,283.8
64909.0,2026-01-19,MEDL      ,"Medline Industries, Inc.",Brian Davies,4519510479              ,2026-04-14,003132                  ,MEDLINE CURAD NASAL TUBE HOLDER CURNASTUB50,55.0
64916.0,2026-01-20,MEDL      ,"Medline Industries, Inc.",Brian Davies,110444990               ,2026-02-28,000609                  ,MEDISTRIP 1/4 IN X 3 IN BULK,1190.0
64921.0,2026-01-20,MEDL      ,"Medline Industries, Inc.",Bryan Daniels,686083062               ,2026-04-13,006039                  ,MEDLINE SURESITE 4 X 4.75 MSC2304,8821.08
64922.0,2026-01-20,MEDL      ,"Medline Industries, Inc.",Bryan Daniels,686083062               ,2026-04-26,000609                  ,MEDISTRIP 1/4 IN X 3 IN BULK,1547.0
64917.0,2026-01-20,HARMAC    ,"Harmac Medical Products, Inc",Jennifer Hurrell,41672 Rel 1             ,2026-05-26,007236                  ,HARMAC PRTD DRAPE ASSEMBLY W/LABEL - P3113251 Rev C.,26610.0
64918.0,2026-01-20,HARMAC    ,"Harmac Medical Products, Inc",Jennifer Hurrell,41672 Rel 2             ,2026-06-22,007236                  ,HARMAC PRTD DRAPE ASSEMBLY W/LABEL - P3113251 Rev C.,26610.0
64919.0,2026-01-20,HARMAC    ,"Harmac Medical Products, Inc",Jennifer Hurrell,41672 Rel 3             ,2026-08-03,007236                  ,HARMAC PRTD DRAPE ASSEMBLY W/LABEL - P3113251 Rev C.,26610.0
64920.0,2026-01-20,HARMAC    ,"Harmac Medical Products, Inc",Jennifer Hurrell,41672 Rel 4             ,2026-09-08,007236                  ,HARMAC PRTD DRAPE ASSEMBLY W/LABEL - P3113251 Rev C.,47898.0
64923.0,2026-01-20,URGO      ,URGO Medical,Bryan Daniels,JanPO_Obelix Trial Runs ,1900-01-02,N-4001                  ,"1,000 L Obelix Bulk Wound Wash Solution",2912.0
64925.0,2026-01-21,ARGENTUM  ,"Argentum Medical, LLC",Jennifer Hurrell,127751                  ,2026-03-27,004191                  ,"ARGENTUM 4 X 8 PRTD ISLAND DRESSING, NS, ID-48",17000.0
64925.0,2026-01-21,ARGENTUM  ,"Argentum Medical, LLC",Jennifer Hurrell,127751                  ,2026-03-27,003069                  ,ARGENTUM 4 X 4 PRTD ISLAND DRSG NS; BULK,28350.0
64925.0,2026-01-21,ARGENTUM  ,"Argentum Medical, LLC",Jennifer Hurrell,127751                  ,2026-03-27,006007                  ,ARGENTUM SILVERLON DRESSING 4.5X12  ID-512,9880.0
64924.0,2026-01-21,MEDL      ,"Medline Industries, Inc.",Brian Davies,ExcessInventoryOptiFoam ,2026-01-23,N-4001                  ,"BOX 9.13""x6.38""x7""",984.85
64924.0,2026-01-21,MEDL      ,"Medline Industries, Inc.",Brian Davies,ExcessInventoryOptiFoam ,2026-01-23,N-4001                  ,MEDLINE OPTIFOAM THIN 2X3 SBS CARTON MSC1523EP,1474.23
64924.0,2026-01-21,MEDL      ,"Medline Industries, Inc.",Brian Davies,ExcessInventoryOptiFoam ,2026-01-23,N-4001                  ,MEDLINE OPTIFOAM THIN 4X4 SBS CARTON MSC1544EP,388.28
64926.0,2026-01-22,ARGENTUM  ,"Argentum Medical, LLC",Jennifer Hurrell,127751                  ,2026-02-27,003693                  ,ARGENTUM 3x4 PRTD ISLAND DRSG BULK,21700.0
64927.0,2026-01-23,ARGENTUM  ,"Argentum Medical, LLC",Jennifer Hurrell,127231                  ,2026-05-01,007981                  ,"4"" x 5"" Therabond 3D Island Dressing 3DAI-45",11430.0
64927.0,2026-01-23,ARGENTUM  ,"Argentum Medical, LLC",Jennifer Hurrell,127231                  ,2026-05-01,007982                  ,"2"" x 2"" Therabond 3D Island Dressing 3DAI-410",1680.0
64927.0,2026-01-23,ARGENTUM  ,"Argentum Medical, LLC",Jennifer Hurrell,127231                  ,2026-05-01,007976                  ,"4"" x 8"" Therabond 3D Island Dressing 3DAI-48",4025.0
64927.0,2026-01-23,ARGENTUM  ,"Argentum Medical, LLC",Jennifer Hurrell,127231                  ,2026-05-01,007978                  ,"4"" x 12"" Therabond 3D Island Dressing 3DAI-412",4025.7
64928.0,2026-01-23,ARGENTUM  ,"Argentum Medical, LLC",Jennifer Hurrell,127231                  ,2026-10-01,007981                  ,"4"" x 5"" Therabond 3D Island Dressing 3DAI-45",8572.5
64928.0,2026-01-23,ARGENTUM  ,"Argentum Medical, LLC",Jennifer Hurrell,127231                  ,2026-10-01,007982                  ,"2"" x 2"" Therabond 3D Island Dressing 3DAI-22",5040.0
64928.0,2026-01-23,ARGENTUM  ,"Argentum Medical, LLC",Jennifer Hurrell,127231                  ,2026-10-01,007976                  ,"4"" x 8"" Therabond 3D Island Dressing 3DAI-48",4025.0
64928.0,2026-01-23,ARGENTUM  ,"Argentum Medical, LLC",Jennifer Hurrell,127231                  ,2026-10-01,007978                  ,"4"" x 12"" Therabond 3D Island Dressing 3DAI-412",7144.2
64928.0,2026-01-23,ARGENTUM  ,"Argentum Medical, LLC",Jennifer Hurrell,127231                  ,2026-10-01,007980                  ,"4"" x 10"" Therabond 3D Island Dressing 3DAI-410",5400.0
64928.0,2026-01-23,ARGENTUM  ,"Argentum Medical, LLC",Jennifer Hurrell,127231                  ,2026-10-01,007975                  ,"4"" x 6"" Therabond 3D Island Dressing 3DAI-46",8005.8
64928.0,2026-01-23,ARGENTUM  ,"Argentum Medical, LLC",Jennifer Hurrell,127231                  ,2026-10-01,007979                  ,"4"" x 14"" Therabond 3D Island Dressing 3DAIXS-412",2200.0
64928.0,2026-01-23,ARGENTUM  ,"Argentum Medical, LLC",Jennifer Hurrell,127231                  ,2026-10-01,N-4001                  ,Excess Material Charges DM-2002 & DM-4009,13339.02
64928.0,2026-01-23,ARGENTUM  ,"Argentum Medical, LLC",Jennifer Hurrell,127231                  ,2026-10-01,007987                  ,"4"" x 10"" Therabond 3D Island Dressing 3DAIXS-410",2700.0
64929.0,2026-01-27,MEDL      ,"Medline Industries, Inc.",Brian Davies,110445390               ,2026-03-07,000609                  ,MEDISTRIP 1/4 IN X 3 IN BULK,952.0
64930.0,2026-01-27,MEDL      ,"Medline Industries, Inc.",Bryan Daniels,686083302               ,2026-05-02,000609                  ,MEDISTRIP 1/4 IN X 3 IN BULK,8806.0
64930.0,2026-01-27,MEDL      ,"Medline Industries, Inc.",Bryan Daniels,686083302               ,2026-05-02,006008                  ,"MEDLINE CURAD MEDISTRIP 1/4 X 1.5 IN, STERILE NON250114",71.94
64932.0,2026-01-28,PERIO     ,PerioSciences,Brian Davies,938                     ,2026-03-06,007795                  ,PERIO AO ProRinse HYDRATING 10 oz,15000.0
64933.0,2026-01-28,PERIO     ,PerioSciences,Brian Davies,939                     ,2026-04-24,007803                  ,PERIO AO ProRinse NATURAL 10 oz,12700.0
64937.0,2026-01-29,PERIO     ,PerioSciences,Brian Davies,944                     ,2026-02-27,N-4008                  ,Expedite Fee for 15ml Bottles,2556.79
64938.0,2026-01-29,MPM       ,"MPM Medical, Inc.",Jennifer Hurrell,000288                  ,2026-03-31,005668                  ,MPM Regenecare HA Gel 3oz. MP00107,23400.0
64934.0,2026-01-29,EMED      ,EMED Technologies Corp,Bryan Daniels,7547                    ,2026-09-14,004978                  ,EMED SOFT-SITE TEGADERM DRESSING 112X51MM  MS-0010201,21098.0
64935.0,2026-01-29,EMED      ,EMED Technologies Corp,Bryan Daniels,7547                    ,2026-10-14,004978                  ,EMED SOFT-SITE TEGADERM DRESSING 112X51MM  MS-0010201,21098.0
64936.0,2026-01-29,EMED      ,EMED Technologies Corp,Bryan Daniels,7547                    ,2026-11-17,004978                  ,EMED SOFT-SITE TEGADERM DRESSING 112X51MM  MS-0010201,18084.0
64952.0,2026-02-02,MEDL      ,"Medline Industries, Inc.",Brian Davies,4519562467              ,2026-04-28,003132                  ,MEDLINE CURAD NASAL TUBE HOLDER CURNASTUB50,110.0
64953.0,2026-02-02,MEDL      ,"Medline Industries, Inc.",Brian Davies,4519562468              ,2026-04-28,003132                  ,MEDLINE CURAD NASAL TUBE HOLDER CURNASTUB50,220.0
64953.0,2026-02-02,MEDL      ,"Medline Industries, Inc.",Brian Davies,4519562468              ,2026-04-28,005116                  ,MEDLINE OPTIFOAM THIN 2X3 MSC1523EP,253.68
64946.0,2026-02-02,MEDL      ,"Medline Industries, Inc.",Brian Davies,4519562460              ,2026-04-28,003132                  ,MEDLINE CURAD NASAL TUBE HOLDER CURNASTUB50,330.0
64946.0,2026-02-02,MEDL      ,"Medline Industries, Inc.",Brian Davies,4519562460              ,2026-04-28,005116                  ,MEDLINE OPTIFOAM THIN 2X3 MSC1523EP,951.3
64947.0,2026-02-02,MEDL      ,"Medline Industries, Inc.",Brian Davies,4519562444              ,2026-04-28,003132                  ,MEDLINE CURAD NASAL TUBE HOLDER CURNASTUB50,165.0
64948.0,2026-02-02,MEDL      ,"Medline Industries, Inc.",Brian Davies,4519562445              ,2026-04-28,005117                  ,MEDLINE OPTIFOAM THIN 4x4 MSC1544EP,94.6
64949.0,2026-02-02,MEDL      ,"Medline Industries, Inc.",Brian Davies,4519562462              ,2026-04-28,005116                  ,MEDLINE OPTIFOAM THIN 2X3 MSC1523EP,253.68
64949.0,2026-02-02,MEDL      ,"Medline Industries, Inc.",Brian Davies,4519562462              ,2026-04-28,005117                  ,MEDLINE OPTIFOAM THIN 4x4 MSC1544EP,1702.8
64949.0,2026-02-02,MEDL      ,"Medline Industries, Inc.",Brian Davies,4519562462              ,2026-04-28,005975                  ,"MEDLINE SUREFILM 2"" X 11 YARDS MSC2402",79.89
64950.0,2026-02-02,MEDL      ,"Medline Industries, Inc.",Brian Davies,4519562454              ,2026-04-28,005116                  ,MEDLINE OPTIFOAM THIN 2X3 MSC1523EP,634.2
64951.0,2026-02-02,MEDL      ,"Medline Industries, Inc.",Brian Davies,4519562457              ,2026-04-28,003132                  ,MEDLINE CURAD NASAL TUBE HOLDER CURNASTUB50,550.0
64951.0,2026-02-02,MEDL      ,"Medline Industries, Inc.",Brian Davies,4519562457              ,2026-04-28,005116                  ,MEDLINE OPTIFOAM THIN 2X3 MSC1523EP,634.2
64951.0,2026-02-02,MEDL      ,"Medline Industries, Inc.",Brian Davies,4519562457              ,2026-04-28,005117                  ,MEDLINE OPTIFOAM THIN 4x4 MSC1544EP,1040.6
64940.0,2026-02-02,MEDL      ,"Medline Industries, Inc.",Brian Davies,4519562464              ,2026-04-28,003132                  ,MEDLINE CURAD NASAL TUBE HOLDER CURNASTUB50,220.0
64941.0,2026-02-02,MEDL      ,"Medline Industries, Inc.",Brian Davies,4519562448              ,2026-04-28,005116                  ,MEDLINE OPTIFOAM THIN 2X3 MSC1523EP,1522.08
64942.0,2026-02-02,MEDL      ,"Medline Industries, Inc.",Brian Davies,4519562458              ,2026-04-28,003132                  ,MEDLINE CURAD NASAL TUBE HOLDER CURNASTUB50,220.0
64943.0,2026-02-02,MEDL      ,"Medline Industries, Inc.",Brian Davies,4519562451              ,2026-04-28,005117                  ,MEDLINE OPTIFOAM THIN 4x4 MSC1544EP,283.8
64944.0,2026-02-02,MEDL      ,"Medline Industries, Inc.",Brian Davies,4519562455              ,2026-04-28,003132                  ,MEDLINE CURAD NASAL TUBE HOLDER CURNASTUB50,385.0
64945.0,2026-02-02,MEDL      ,"Medline Industries, Inc.",Brian Davies,4519562446              ,2026-04-28,003132                  ,MEDLINE CURAD NASAL TUBE HOLDER CURNASTUB50,440.0
64939.0,2026-02-02,GlorySun  ,"Mingguang Glory Sun Precision Technology Co., Ltd.",Bryan Daniels,20251105001             ,2025-12-05,006145                  ,MEDLINE/GLORY SUN SAFE SECURE FOAM BASE,1944.0
64955.0,2026-02-03,URGO      ,URGO Medical,Bryan Daniels,PO_ArtworkandPrep_Obelix,1900-01-02,N-4009                  ,Artwork Prep/Plate Fee(s),1200.0
64955.0,2026-02-03,URGO      ,URGO Medical,Bryan Daniels,PO_ArtworkandPrep_Obelix,1900-01-02,N-4001                  ,Set Up Charges,450.0
64963.0,2026-02-04,MPM       ,"MPM Medical, Inc.",Jennifer Hurrell,000289                  ,1900-01-02,007719                  ,"""Purge"" D* 4oz Bottle, MPM Regenecare HA Spray MP00117 R0325",4960.17384
64956.0,2026-02-04,Dermaclip ,"DermaClip US, LLC",Bryan Daniels,DC2026-0144             ,1900-01-02,007217                  ,DERMACLIP EXT 3 CLIP PAD NS -31005,2039.73
64957.0,2026-02-04,MEDL      ,"Medline Industries, Inc.",Brian Davies,110445730               ,2026-02-10,004785                  ,"MEDLINE 119883 10""x16"" Instrument Drape",1440.0
64958.0,2026-02-04,MEDL      ,"Medline Industries, Inc.",Brian Davies,110445730               ,2026-04-13,004831                  ,"MEDLINE 121043 16""x20"" Instrument Drape",295.0
64960.0,2026-02-04,MEDL      ,"Medline Industries, Inc.",Brian Davies,110445730               ,2026-04-13,000610                  ,MEDISTRIP 1 IN X 4 IN BULK,589.5
64964.0,2026-02-04,MEDL      ,"Medline Industries, Inc.",Bryan Daniels,500399635               ,2026-05-10,006010                  ,MEDLINE CURAD MEDISTRIP 1/2 X 4 IN STERILE NON250412,2040.0
64968.0,2026-02-05,IOTECH    ,Iotech International,Brian Davies,2026-02-05-Ultra        ,2026-03-31,007560                  ,ioTech ioRinse Ultra 1 liter,38250.0
64968.0,2026-02-05,IOTECH    ,Iotech International,Brian Davies,2026-02-05-Ultra        ,2026-03-31,007561                  ,ioTech ioRinse Ultra 16 oz,23550.0
64969.0,2026-02-05,IOTECH    ,Iotech International,Brian Davies,2026-02-05-AC           ,2026-05-31,007558                  ,ioTech ioRinse AC 1 liter,25500.0
64969.0,2026-02-05,IOTECH    ,Iotech International,Brian Davies,2026-02-05-AC           ,2026-05-31,007559                  ,ioTech ioRinse AC 16oz,23550.0
64970.0,2026-02-05,IOTECH    ,Iotech International,Brian Davies,2026-02-05-MR-STR       ,2026-05-15,007905                  ,Iotech MR-HA- US 1L,25500.0
64970.0,2026-02-05,IOTECH    ,Iotech International,Brian Davies,2026-02-05-MR-STR       ,2026-05-15,007906                  ,Iotech STR-HA 16oz,23550.0
64971.0,2026-02-05,MEDL SLOV ,Medline Assembly Slovakia S.R.O,PCI House Account,S7056                   ,2026-04-12,003849                  ,MEDISTRIP 1/4 IN X 1.5 IN BULK NON-STERILE,165.0
64971.0,2026-02-05,MEDL SLOV ,Medline Assembly Slovakia S.R.O,PCI House Account,S7056                   ,2026-04-12,003850                  ,MEDISTRIP 1/2 IN X 4 IN BULK NONSTERILE 3/CD,5829.0
64971.0,2026-02-05,MEDL SLOV ,Medline Assembly Slovakia S.R.O,PCI House Account,S7056                   ,2026-04-12,003851                  ,MEDISTRIP 1/4 IN X 4 IN BULK NON-STERILE 5/CD,195.0
64971.0,2026-02-05,MEDL SLOV ,Medline Assembly Slovakia S.R.O,PCI House Account,S7056                   ,2026-04-12,003852                  ,MEDISTRIP 1/4 IN X 3 IN BULK NON-STERILE,357.0
64971.0,2026-02-05,MEDL SLOV ,Medline Assembly Slovakia S.R.O,PCI House Account,S7056                   ,2026-04-12,003853                  ,MEDISTRIP 1 IN X 4 IN BULK NON-STERILE,982.5
64965.0,2026-02-05,URGO      ,URGO Medical,Bryan Daniels,PO00134320              ,2026-06-08,007152                  ,URGO - VASHE 118 ml Flip Top 00312,85486.32
64966.0,2026-02-05,URGO      ,URGO Medical,Bryan Daniels,PO00134320              ,2026-05-25,007153                  ,URGO - VASHE 250 ml Flip Top 00313,328992.48
64967.0,2026-02-05,URGO      ,URGO Medical,Bryan Daniels,PO00134320              ,2026-06-01,007156                  ,URGO - VASHE 475 ml Instill 00317,126979.68
64967.0,2026-02-05,URGO      ,URGO Medical,Bryan Daniels,PO00134320              ,2026-06-01,007158                  ,URGO - VASHE 1 L Flip Top 00322,52810.56
64967.0,2026-02-05,URGO      ,URGO Medical,Bryan Daniels,PO00134320              ,2026-06-01,007157                  ,URGO - VASHE 1 L Instill 00323,68413.68
64972.0,2026-02-05,PERIO     ,PerioSciences,Brian Davies,937                     ,1900-01-02,007811                  ,PERIO AO ProRinse WHITE CARE 10 oz,13912.5
64972.0,2026-02-05,PERIO     ,PerioSciences,Brian Davies,937                     ,1900-01-02,007812                  ,PERIO AO ProRinse WHITE CARE 32 oz,1390.0
64973.0,2026-02-06,Next Sci  ,OSARTIS GmbH,Bryan Daniels,4500034574              ,2026-03-15,007983                  ,Osteoremedies Branded 1.0oz BlastX 12 assembly Turnkey,279552.0
64973.0,2026-02-06,Next Sci  ,OSARTIS GmbH,Bryan Daniels,4500034574              ,2026-03-15,007984                  ,"Osteoremedies Branded Gel 0.25 oz, 40 assembly Turnkey",47545.0
64974.0,2026-02-06,MEDL EURO ,Medline Assembly France SAS,Bryan Daniels,F9487                   ,2026-04-13,003849                  ,MEDISTRIP 1/4 IN X 1.5 IN BULK NON-STERILE,165.0
64974.0,2026-02-06,MEDL EURO ,Medline Assembly France SAS,Bryan Daniels,F9487                   ,2026-04-13,003850                  ,MEDISTRIP 1/2 IN X 4 IN BULK NONSTERILE 3/CD,7772.0
64974.0,2026-02-06,MEDL EURO ,Medline Assembly France SAS,Bryan Daniels,F9487                   ,2026-04-13,003851                  ,MEDISTRIP 1/4 IN X 4 IN BULK NON-STERILE 5/CD,975.0
64974.0,2026-02-06,MEDL EURO ,Medline Assembly France SAS,Bryan Daniels,F9487                   ,2026-04-13,003852                  ,MEDISTRIP 1/4 IN X 3 IN BULK NON-STERILE,119.0
64974.0,2026-02-06,MEDL EURO ,Medline Assembly France SAS,Bryan Daniels,F9487                   ,2026-04-13,003853                  ,MEDISTRIP 1 IN X 4 IN BULK NON-STERILE,393.0
64977.0,2026-02-09,KCI IRE   ,KCII-IRE-IRM,Jennifer Hurrell,1048492                 ,2026-06-01,004557                  ,PREVENA PEEL AND PLACE TEGADERM SHORT (13Cm)  # 416129 Rev E,49880.0
64978.0,2026-02-09,KCI IRE   ,KCII-IRE-IRM,Jennifer Hurrell,1048493                 ,2026-07-22,004804                  ,"KCI PEEL AND PLACE PREVENA LONG (35Cm)-416697, Rev D",68378.0
64975.0,2026-02-09,MPM       ,"MPM Medical, Inc.",Jennifer Hurrell,51501                   ,1900-01-02,007842                  ,"FIDIA PHARMA 2 x 2 Chevron Tyvek/Poly Pouch 3.5"" x 4.5""",734.4
64976.0,2026-02-09,MPM       ,"MPM Medical, Inc.",Jennifer Hurrell,000290                  ,1900-01-02,005660                  ,MPM Antiseptic Wound & Skin Cleanser 8 fl.oz. MP00032,12760.0
64976.0,2026-02-09,MPM       ,"MPM Medical, Inc.",Jennifer Hurrell,000290                  ,1900-01-02,005660                  ,MPM Antiseptic Wound & Skin Cleanser 8 fl.oz. MP00032,20240.0
64980.0,2026-02-09,MPM       ,"MPM Medical, Inc.",Jennifer Hurrell,000291                  ,2026-05-08,003424                  ,"MPM Cool Magic Gel Sheet 6.0""x8.0"" OL MP00208",63000.0
64981.0,2026-02-10,MEDL      ,"Medline Industries, Inc.",Brian Davies,710045339               ,2026-02-17,004785                  ,"MEDLINE 119883 10""x16"" Instrument Drape",320.0
64982.0,2026-02-10,MEDL      ,"Medline Industries, Inc.",Brian Davies,110446169               ,2026-04-20,000606                  ,MEDISTRIP 1/8 IN X 3 IN BULK,193.8
64990.0,2026-02-11,HARM IRE  ,Harmac Medical Products,Jennifer Hurrell,043926                  ,2026-03-27,007993                  ,200 RC Filter,16750.0
64990.0,2026-02-11,HARM IRE  ,Harmac Medical Products,Jennifer Hurrell,043926                  ,2026-03-27,007992                  ,Port Drape,6250.0
64987.0,2026-02-11,CLYRA     ,"Clyra Medical Technologies, Inc.",Brian Davies,                        ,1900-01-02,N-4001                  ,Credit for Bottles & Caps,-8084.98
64987.0,2026-02-11,CLYRA     ,"Clyra Medical Technologies, Inc.",Brian Davies,                        ,1900-01-02,N-4001                  ,Cleaning Validation Cost,8448.0
64983.0,2026-02-11,MPM       ,"MPM Medical, Inc.",Jennifer Hurrell,000293                  ,2026-05-11,003423                  ,"MPM Cool Magic Gel Sheet 3.75""x3.75"" OL MP00206",49680.0
64989.0,2026-02-11,MPM-COL   ,MPM Medical LLC - COL,Jennifer Hurrell,51506                   ,1900-01-02,007843                  ,"FIDIA PHARMA 2 x 2 Collagen Drsg Carton 3.625"" x 1.5"" x 4.625""",946.5
64985.0,2026-02-11,Bloomi    ,The Bloomi Inc,PCI House Account,CV-DELIGHT-020626       ,1900-01-02,N-4001                  ,Cleaning validation for Delight production,3000.0
64986.0,2026-02-11,Bloomi    ,The Bloomi Inc,PCI House Account,DELIGHT-121825          ,1900-01-02,007991                  ,Bloomi Delight 3oz,17250.0
64984.0,2026-02-11,ORORA     ,Orora Business Service Center,Bryan Daniels,5300704796              ,2026-02-11,005639                  ,"D* Sorbitol Crystalline Powder NF, CAS# 50-70-4 KOSHER",1215.81339
64984.0,2026-02-11,ORORA     ,Orora Business Service Center,Bryan Daniels,5300704796              ,2026-02-11,005515                  ,D* Dentsil DS 60 HYDRATED SILICA - CAS#112926-00-8 KOSHER,2414.696728
64984.0,2026-02-11,ORORA     ,Orora Business Service Center,Bryan Daniels,5300704796              ,2026-02-11,005703                  ,D* Glycerin 99.7% CAS# 56-81-5  KOSHER,1661.22
64984.0,2026-02-11,ORORA     ,Orora Business Service Center,Bryan Daniels,5300704796              ,2026-02-11,005517                  ,D* Cooling Type Flavor Natural 113.90468 KOSHER,790.0388266
64984.0,2026-02-11,ORORA     ,Orora Business Service Center,Bryan Daniels,5300704796              ,2026-02-11,005518                  ,"D* Mint Flavor WONF OS, Natural 113.19228 CAS# 68917-18-0 KOSHER",963.57716
64984.0,2026-02-11,ORORA     ,Orora Business Service Center,Bryan Daniels,5300704796              ,2026-02-11,007525                  ,D* BLANOSE™ CMC 7MF CAS#9004-32-4  KOSHER,278.5286
64984.0,2026-02-11,ORORA     ,Orora Business Service Center,Bryan Daniels,5300704796              ,2026-02-11,005520                  ,D* Tetrapotassium Pyrophosphate CAS#7320-34-5 1614086,8331.10602
64984.0,2026-02-11,ORORA     ,Orora Business Service Center,Bryan Daniels,5300704796              ,2026-02-11,005521                  ,D* Tetrasodium Pyrophosphate CAS#7722-88-5 KOSHER,3825.838483
64984.0,2026-02-11,ORORA     ,Orora Business Service Center,Bryan Daniels,5300704796              ,2026-02-11,005522                  ,D* Aloe Barbadensis Leaf JuiceCAS#85507-69-3 KOSHER,257.8906581
64984.0,2026-02-11,ORORA     ,Orora Business Service Center,Bryan Daniels,5300704796              ,2026-02-11,005686                  ,D* Citric Acid CAS# 77-92-9,85.636318
64984.0,2026-02-11,ORORA     ,Orora Business Service Center,Bryan Daniels,5300704796              ,2026-02-11,005525                  ,D* AmmoniumGlycyrrhizate Magnasweet 110-2X CAS#53956-04-0 KOSHER,1033.122468
64984.0,2026-02-11,ORORA     ,Orora Business Service Center,Bryan Daniels,5300704796              ,2026-02-11,006901                  ,D* ASCORBIC ACID CAS# 50-81-7  KOSHER,76.01573466
64984.0,2026-02-11,ORORA     ,Orora Business Service Center,Bryan Daniels,5300704796              ,2026-02-11,005527                  ,D* Mentha Arvensis (Cornmint) Leaf Oil CAS# 68917-18-0 KOSHER,135.4798603
64984.0,2026-02-11,ORORA     ,Orora Business Service Center,Bryan Daniels,5300704796              ,2026-02-11,005528                  ,D* Mentha Viridis (Spearmint) Leaf Oil CAS# 8008-79-5 KOSHER,367.0900533
64984.0,2026-02-11,ORORA     ,Orora Business Service Center,Bryan Daniels,5300704796              ,2026-02-11,005530                  ,D* Sodium Fluoride CAS#7681-49-4  KOSHER,124.132224
64984.0,2026-02-11,ORORA     ,Orora Business Service Center,Bryan Daniels,5300704796              ,2026-02-11,005590                  ,"BAG, AP2390.11 Arena ""Air-Evac"" Vertex, 3Ply Liquid Liner Bag",1863.129996
64991.0,2026-02-12,MPM-COL   ,MPM Medical LLC - COL,PCI House Account,51507                   ,1900-01-02,R-170061                ,Box S-4345 8 X 8 X 5,92.3
64992.0,2026-02-13,Bloomi    ,The Bloomi Inc,PCI House Account,FILL-012726             ,1900-01-02,008012                  ,Bloomi Delight 3oz (1K Use Only),1000.0
64993.0,2026-02-16,MPM-COL   ,MPM Medical LLC - COL,PCI House Account,51509                   ,1900-01-02,007057                  ,D* SODIUM HYALURONATE (Hyaluronic Acid) CAS# 9067-32-7,400.0
64993.0,2026-02-16,MPM-COL   ,MPM Medical LLC - COL,PCI House Account,51509                   ,1900-01-02,007919                  ,Hyaluronate Acid Powder CAS# 9067-32-7,31.25
64994.0,2026-02-16,MPM-COL   ,MPM Medical LLC - COL,PCI House Account,51508                   ,1900-01-02,004679                  ,BM 2110 USA DOMESTIC BOVINE COLLAGEN DOUGH,24464.0
64994.0,2026-02-16,MPM-COL   ,MPM Medical LLC - COL,PCI House Account,51508                   ,1900-01-02,N-4001                  ,Freight Cost,4150.0
64995.0,2026-02-16,MEDL      ,"Medline Industries, Inc.",Brian Davies,4519616183              ,2026-05-11,005975                  ,"MEDLINE SUREFILM 2"" X 11 YARDS MSC2402",319.56
64996.0,2026-02-16,MEDL      ,"Medline Industries, Inc.",Brian Davies,4519616185              ,2026-05-11,003132                  ,MEDLINE CURAD NASAL TUBE HOLDER CURNASTUB50,110.0
64997.0,2026-02-16,MEDL      ,"Medline Industries, Inc.",Brian Davies,4519616181              ,2026-05-11,003132                  ,MEDLINE CURAD NASAL TUBE HOLDER CURNASTUB50,55.0
64998.0,2026-02-16,MEDL      ,"Medline Industries, Inc.",Brian Davies,4519616173              ,2026-05-11,003132                  ,MEDLINE CURAD NASAL TUBE HOLDER CURNASTUB50,110.0
64998.0,2026-02-16,MEDL      ,"Medline Industries, Inc.",Brian Davies,4519616173              ,2026-05-11,005116                  ,MEDLINE OPTIFOAM THIN 2X3 MSC1523EP,1078.14
64999.0,2026-02-16,MEDL      ,"Medline Industries, Inc.",Brian Davies,4519616174              ,2026-05-11,005117                  ,MEDLINE OPTIFOAM THIN 4x4 MSC1544EP,662.2
65000.0,2026-02-16,MEDL      ,"Medline Industries, Inc.",Brian Davies,4519616187              ,2026-05-11,003132                  ,MEDLINE CURAD NASAL TUBE HOLDER CURNASTUB50,110.0
65001.0,2026-02-16,MEDL      ,"Medline Industries, Inc.",Brian Davies,4519616171              ,2026-05-11,005117                  ,MEDLINE OPTIFOAM THIN 4x4 MSC1544EP,94.6
65002.0,2026-02-16,MEDL      ,"Medline Industries, Inc.",Brian Davies,4519616176              ,2026-05-11,003132                  ,MEDLINE CURAD NASAL TUBE HOLDER CURNASTUB50,110.0
65002.0,2026-02-16,MEDL      ,"Medline Industries, Inc.",Brian Davies,4519616176              ,2026-05-11,005116                  ,MEDLINE OPTIFOAM THIN 2X3 MSC1523EP,634.2
65003.0,2026-02-16,MEDL      ,"Medline Industries, Inc.",Brian Davies,4519616166              ,2026-05-11,005117                  ,MEDLINE OPTIFOAM THIN 4x4 MSC1544EP,189.2
65004.0,2026-02-17,MEDL      ,"Medline Industries, Inc.",Bryan Daniels,500399949               ,2026-02-24,004785                  ,"MEDLINE 119883 10""x16"" Instrument Drape",160.0
65005.0,2026-02-17,MEDL      ,"Medline Industries, Inc.",Bryan Daniels,686083955               ,2026-05-09,006039                  ,MEDLINE SURESITE 4 X 4.75 MSC2304,2967.84
65006.0,2026-02-17,MEDL      ,"Medline Industries, Inc.",Brian Davies,110446595               ,2026-05-30,006039                  ,MEDLINE SURESITE 4 X 4.75 MSC2304,2885.4
65007.0,2026-02-18,TURN      ,Turn Therapeutics,Bryan Daniels,1046                    ,1900-01-02,N-4001                  ,1 of 3 Bulk Validations,1910.0
65007.0,2026-02-18,TURN      ,Turn Therapeutics,Bryan Daniels,1046                    ,1900-01-02,007997                  ,Turn Therapeutics Hexagen Bulk - 55 Gallon Drum,15280.0
65007.0,2026-02-18,TURN      ,Turn Therapeutics,Bryan Daniels,1046                    ,1900-01-02,N-4001                  ,Cleaning Validation,10000.0
65008.0,2026-02-19,MONADERM  ,Monaderm,Jennifer Hurrell,COM2026-011902          ,1900-01-02,F-22004                 ,5 SITE SEMI-OCCLUSIVE STRIP,6560.0
65009.0,2026-02-20,ORORA     ,Orora Business Service Center,Bryan Daniels,5300706342              ,1900-01-02,006323                  ,MINERALIZ GU/Zn CAS# 4468-02-4 KOSHER,4961.394064
65009.0,2026-02-20,ORORA     ,Orora Business Service Center,Bryan Daniels,5300706342              ,1900-01-02,007224                  ,GREEN TEA PHYTOBASIC IN PG (3345L) KOSHER,853.65075
65009.0,2026-02-20,ORORA     ,Orora Business Service Center,Bryan Daniels,5300706342              ,1900-01-02,006327                  ,ALOE VERA LEAF GEL DECOLORIZED 10X # AG014 CAS#94349-62-9,277.5380949
65009.0,2026-02-20,ORORA     ,Orora Business Service Center,Bryan Daniels,5300706342              ,1900-01-02,006328                  ,CARBOX WAX SENTRY POLYETHYLENE GLYCOL 600 NF CAS#25322-68-3,6977.103496
65009.0,2026-02-20,ORORA     ,Orora Business Service Center,Bryan Daniels,5300706342              ,1900-01-02,006330                  ,MENTHOL CAS#2216-51-5   KOSHER,867.703068
65009.0,2026-02-20,ORORA     ,Orora Business Service Center,Bryan Daniels,5300706342              ,1900-01-02,005713                  ,Polysorbate 20 CAS# 9005-64-5,919.013442
65009.0,2026-02-20,ORORA     ,Orora Business Service Center,Bryan Daniels,5300706342              ,1900-01-02,007573                  ,AUSTRALIAN TEA TREE OIL #50-6270-01,66.99017436
65010.0,2026-02-23,COVIDMA   ,Patient Recovery,Bryan Daniels,6200049140              ,2026-06-18,007488                  ,"CARDINAL HEALTH TELFA NON-ADHERENT DRESSING 3""x4"" 2132",184032.0
65013.0,2026-02-24,CLYRA     ,"Clyra Medical Technologies, Inc.",Brian Davies,STRKMYR-2.23.26         ,2026-03-24,007861                  ,ViaCLYR Flip Top 8oz,13500.0
65013.0,2026-02-24,CLYRA     ,"Clyra Medical Technologies, Inc.",Brian Davies,STRKMYR-2.23.26         ,2026-03-24,007862                  ,ViaCLYR Flip Top 16oz,17500.0
65013.0,2026-02-24,CLYRA     ,"Clyra Medical Technologies, Inc.",Brian Davies,STRKMYR-2.23.26         ,2026-03-24,007863                  ,ViaCLYR Flip Top 32oz,7520.0
65011.0,2026-02-24,CENTURION ,Centurion Medical Products Corp,Jennifer Hurrell,6000028725              ,2026-07-22,000609                  ,MEDISTRIP 1/4 IN X 3 IN BULK,2023.0
65011.0,2026-02-24,CENTURION ,Centurion Medical Products Corp,Jennifer Hurrell,6000028725              ,2026-07-22,000610                  ,MEDISTRIP 1 IN X 4 IN BULK,10807.5
65012.0,2026-02-24,CENTURION ,Centurion Medical Products Corp,Bryan Daniels,6000028725              ,2026-06-03,002977                  ,MEDLINE DRSG SURESITE 4.75 X 4 FRAME/LABL (MSC52281),21420.0
65014.0,2026-02-24,FREUD     ,Freudenberg Performance Materials LP,Bryan Daniels,47036876                ,2026-08-03,005045                  ,FREUDENBERG 30cm X 47cm Nonwoven Sheets 122P0463,40750.0
,,,,,,,,,346225.89308926
,,,,,,,,,
,,,,,,,,,
,,,,,,,,,
,,,,,,,,,
,,,,,,,,,
,,,,,,,,,
,,,,,,,,,
,,,,,,,,,
,,,,,,,,,
,,,,,,,,,
,,,,,,,,,
,,,,,,,,,
,,,,,,,,,
,,,,,,,,,
,,,,,,,,,
,,,,,,,,,
,,,,,,,,,
,,,,,,,,,
,,,,,,,,,
,,,,,,,,,
,,,,,,,,,
,,,,,,,,,
,,,,,,,,,
,,,,,,,,,
,,,,,,,,,
,,,,,,,,,
,,,,,,,,,
,,,,,,,,,
,,,,,,,,,
,,,,,,,,,
,,,,,,,,,
,,,,,,,,,
,,,,,,,,,
,,,,,,,,,
,,,,,,,,,
,,,,,,,,,
,,,,,,,,,
,,,,,,,,,
,,,,,,,,,
,,,,,,,,,
,,,,,,,,,
,,,,,,,,,
,,,,,,,,,
,,,,,,,,,
,,,,,,,,,
,,,,,,,,,
,,,,,,,,,
,,,,,,,,,
,,,,,,,,,
,,,,,,,,,
,,,,,,,,,
,,,,,,,,,
,,,,,,,,,
,,,,,,,,,
,,,,,,,,,
,,,,,,,,,
,,,,,,,,,
,,,,,,,,,
,,,,,,,,,
,,,,,,,,,
,,,,,,,,,
,,,,,,,,,
,,,,,,,,,
,,,,,,,,,
,,,,,,,,,
,,,,,,,,,
,,,,,,,,,
,,,,,,,,,
,,,,,,,,,
,,,,,,,,,
,,,,,,,,,
,,,,,,,,,
,,,,,,,,,
,,,,,,,,,
,,,,,,,,,
,,,,,,,,,
,,,,,,,,,
,,,,,,,,,
,,,,,,,,,
,,,,,,,,,
,,,,,,,,,
,,,,,,,,,
,,,,,,,,,
,,,,,,,,,
,,,,,,,,,
,,,,,,,,,
,,,,,,,,,
,,,,,,,,,
,,,,,,,,,
,,,,,,,,,
,,,,,,,,,
,,,,,,,,,
,,,,,,,,,
,,,,,,,,,
,,,,,,,,,
,,,,,,,,,
,,,,,,,,,
,,,,,,,,,
,,,,,,,,,
,,,,,,,,,
,,,,,,,,,
,,,,,,,,,
,,,,,,,,,
,,,,,,,,,
,,,,,,,,,
,,,,,,,,,
,,,,,,,,,
,,,,,,,,,
,,,,,,,,,
,,,,,,,,,
,,,,,,,,,
,,,,,,,,,
,,,,,,,,,
,,,,,,,,,
,,,,,,,,,
,,,,,,,,,
,,,,,,,,,
,,,,,,,,,
,,,,,,,,,
,,,,,,,,,
,,,,,,,,,
,,,,,,,,,
,,,,,,,,,
,,,,,,,,,
,,,,,,,,,
,,,,,,,,,
,,,,,,,,,
,,,,,,,,,
,,,,,,,,,
,,,,,,,,,
,,,,,,,,,
,,,,,,,,,
,,,,,,,,,
,,,,,,,,,
,,,,,,,,,
,,,,,,,,,
,,,,,,,,,
,,,,,,,,,
,,,,,,,,,
,,,,,,,,,
,,,,,,,,,
,,,,,,,,,
,,,,,,,,,
,,,,,,,,,
,,,,,,,,,
,,,,,,,,,
,,,,,,,,,
,,,,,,,,,
,,,,,,,,,
,,,,,,,,,
,,,,,,,,,
,,,,,,,,,
,,,,,,,,,
,,,,,,,,,
,,,,,,,,,
,,,,,,,,,
,,,,,,,,,
,,,,,,,,,
,,,,,,,,,
,,,,,,,,,
,,,,,,,,,
,,,,,,,,,
,,,,,,,,,
,,,,,,,,,
,,,,,,,,,
,,,,,,,,,
,,,,,,,,,
,,,,,,,,,
,,,,,,,,,
,,,,,,,,,
,,,,,,,,,
,,,,,,,,,
,,,,,,,,,
,,,,,,,,,
,,,,,,,,,
,,,,,,,,,
,,,,,,,,,
,,,,,,,,,
,,,,,,,,,
,,,,,,,,,
,,,,,,,,,
,,,,,,,,,
,,,,,,,,,
,,,,,,,,,
,,,,,,,,,
,,,,,,,,,
,,,,,,,,,
,,,,,,,,,
,,,,,,,,,
,,,,,,,,,
,,,,,,,,,
,,,,,,,,,
,,,,,,,,,
,,,,,,,,,
,,,,,,,,,
,,,,,,,,,
,,,,,,,,,
,,,,,,,,,
,,,,,,,,,
,,,,,,,,,
,,,,,,,,,
,,,,,,,,,
,,,,,,,,,
,,,,,,,,,
,,,,,,,,,
,,,,,,,,,
,,,,,,,,,
,,,,,,,,,
,,,,,,,,,
,,,,,,,,,
,,,,,,,,,
,,,,,,,,,
,,,,,,,,,
,,,,,,,,,
,,,,,,,,,
,,,,,,,,,
,,,,,,,,,
,,,,,,,,,
,,,,,,,,,
,,,,,,,,,
,,,,,,,,,
,,,,,,,,,
,,,,,,,,,
,,,,,,,,,
,,,,,,,,,
,,,,,,,,,
,,,,,,,,,
,,,,,,,,,
,,,,,,,,,
,,,,,,,,,
,,,,,,,,,
,,,,,,,,,
,,,,,,,,,
,,,,,,,,,
,,,,,,,,,
,,,,,,,,,
,,,,,,,,,
,,,,,,,,,
,,,,,,,,,
,,,,,,,,,
,,,,,,,,,
,,,,,,,,,
,,,,,,,,,
,,,,,,,,,
,,,,,,,,,
,,,,,,,,,
,,,,,,,,,
,,,,,,,,,
,,,,,,,,,
,,,,,,,,,
,,,,,,,,,
,,,,,,,,,
,,,,,,,,,
,,,,,,,,,
,,,,,,,,,
,,,,,,,,,
,,,,,,,,,
,,,,,,,,,
,,,,,,,,,
,,,,,,,,,
,,,,,,,,,
,,,,,,,,,
,,,,,,,,,
,,,,,,,,,
,,,,,,,,,
,,,,,,,,,
,,,,,,,,,
,,,,,,,,,
,,,,,,,,,
,,,,,,,,,
,,,,,,,,,
,,,,,,,,,
,,,,,,,,,
,,,,,,,,,
,,,,,,,,,
,,,,,,,,,
,,,,,,,,,
,,,,,,,,,
,,,,,,,,,
,,,,,,,,,
,,,,,,,,,
,,,,,,,,,
,,,,,,,,,
,,,,,,,,,
,,,,,,,,,
,,,,,,,,,
,,,,,,,,,
,,,,,,,,,
,,,,,,,,,
,,,,,,,,,
,,,,,,,,,
,,,,,,,,,
,,,,,,,,,
,,,,,,,,,
,,,,,,,,,
,,,,,,,,,
,,,,,,,,,
,,,,,,,,,
,,,,,,,,,
,,,,,,,,,
,,,,,,,,,
,,,,,,,,,
,,,,,,,,,
,,,,,,,,,
,,,,,,,,,
,,,,,,,,,
,,,,,,,,,
,,,,,,,,,
,,,,,,,,,
,,,,,,,,,
,,,,,,,,,
,,,,,,,,,
,,,,,,,,,
,,,,,,,,,
,,,,,,,,,
,,,,,,,,,
,,,,,,,,,
,,,,,,,,,
,,,,,,,,,
,,,,,,,,,
,,,,,,,,,
,,,,,,,,,
,,,,,,,,,
,,,,,,,,,
,,,,,,,,,
,,,,,,,,,
,,,,,,,,,
,,,,,,,,,
,,,,,,,,,
,,,,,,,,,
,,,,,,,,,
,,,,,,,,,
,,,,,,,,,
,,,,,,,,,
,,,,,,,,,
,,,,,,,,,
,,,,,,,,,
,,,,,,,,,
,,,,,,,,,
,,,,,,,,,
,,,,,,,,,
,,,,,,,,,
,,,,,,,,,
,,,,,,,,,
,,,,,,,,,
,,,,,,,,,
,,,,,,,,,
,,,,,,,,,
,,,,,,,,,
,,,,,,,,,
,,,,,,,,,
,,,,,,,,,
,,,,,,,,,
,,,,,,,,,
,,,,,,,,,
,,,,,,,,,
,,,,,,,,,
,,,,,,,,,
,,,,,,,,,
,,,,,,,,,
,,,,,,,,,
,,,,,,,,,
,,,,,,,,,
,,,,,,,,,
,,,,,,,,,
,,,,,,,,,
,,,,,,,,,
,,,,,,,,,
,,,,,,,,,
,,,,,,,,,
,,,,,,,,,
,,,,,,,,,
,,,,,,,,,
,,,,,,,,,
,,,,,,,,,
,,,,,,,,,
,,,,,,,,,
,,,,,,,,,
,,,,,,,,,
,,,,,,,,,
,,,,,,,,,
,,,,,,,,,
,,,,,,,,,
,,,,,,,,,
,,,,,,,,,
,,,,,,,,,
,,,,,,,,,
,,,,,,,,,
,,,,,,,,,
,,,,,,,,,
,,,,,,,,,
,,,,,,,,,
,,,,,,,,,
,,,,,,,,,
,,,,,,,,,
,,,,,,,,,
,,,,,,,,,
,,,,,,,,,
,,,,,,,,,
,,,,,,,,,
,,,,,,,,,
,,,,,,,,,
,,,,,,,,,
,,,,,,,,,
,,,,,,,,,
,,,,,,,,,
,,,,,,,,,
,,,,,,,,,
,,,,,,,,,
,,,,,,,,,
,,,,,,,,,
,,,,,,,,,
,,,,,,,,,
,,,,,,,,,
,,,,,,,,,
,,,,,,,,,
,,,,,,,,,
,,,,,,,,,
,,,,,,,,,
,,,,,,,,,
,,,,,,,,,
,,,,,,,,,
,,,,,,,,,
,,,,,,,,,
,,,,,,,,,
,,,,,,,,,
,,,,,,,,,
,,,,,,,,,
,,,,,,,,,
,,,,,,,,,
,,,,,,,,,
,,,,,,,,,
,,,,,,,,,
,,,,,,,,,
,,,,,,,,,
,,,,,,,,,
,,,,,,,,,
,,,,,,,,,
,,,,,,,,,
,,,,,,,,,
,,,,,,,,,
,,,,,,,,,
,,,,,,,,,
,,,,,,,,,
,,,,,,,,,
,,,,,,,,,
,,,,,,,,,
,,,,,,,,,
,,,,,,,,,
,,,,,,,,,
,,,,,,,,,
,,,,,,,,,
,,,,,,,,,
,,,,,,,,,
,,,,,,,,,
,,,,,,,,,
,,,,,,,,,
,,,,,,,,,
,,,,,,,,,
,,,,,,,,,
,,,,,,,,,
,,,,,,,,,
,,,,,,,,,
,,,,,,,,,
,,,,,,,,,
,,,,,,,,,
,,,,,,,,,
,,,,,,,,,
,,,,,,,,,
,,,,,,,,,
,,,,,,,,,
,,,,,,,,,
,,,,,,,,,
,,,,,,,,,
,,,,,,,,,
,,,,,,,,,
,,,,,,,,,
,,,,,,,,,
,,,,,,,,,
,,,,,,,,,
,,,,,,,,,
,,,,,,,,,
,,,,,,,,,
,,,,,,,,,
,,,,,,,,,
,,,,,,,,,
,,,,,,,,,
,,,,,,,,,
,,,,,,,,,
,,,,,,,,,
,,,,,,,,,
,,,,,,,,,
,,,,,,,,,
,,,,,,,,,
,,,,,,,,,
,,,,,,,,,
,,,,,,,,,
,,,,,,,,,
,,,,,,,,,
,,,,,,,,,
,,,,,,,,,
,,,,,,,,,
,,,,,,,,,
,,,,,,,,,
,,,,,,,,,
,,,,,,,,,
,,,,,,,,,
,,,,,,,,,
,,,,,,,,,
,,,,,,,,,
,,,,,,,,,
,,,,,,,,,
,,,,,,,,,
,,,,,,,,,
,,,,,,,,,
,,,,,,,,,
,,,,,,,,,
,,,,,,,,,
,,,,,,,,,
,,,,,,,,,
,,,,,,,,,
,,,,,,,,,
,,,,,,,,,
,,,,,,,,,
,,,,,,,,,
,,,,,,,,,
,,,,,,,,,
,,,,,,,,,
,,,,,,,,,
,,,,,,,,,
,,,,,,,,,
,,,,,,,,,
,,,,,,,,,
,,,,,,,,,
,,,,,,,,,
,,,,,,,,,
,,,,,,,,,
,,,,,,,,,
,,,,,,,,,
,,,,,,,,,
,,,,,,,,,
,,,,,,,,,
,,,,,,,,,
,,,,,,,,,
,,,,,,,,,
,,,,,,,,,
,,,,,,,,,
,,,,,,,,,
,,,,,,,,,
,,,,,,,,,
,,,,,,,,,
,,,,,,,,,
,,,,,,,,,
,,,,,,,,,
,,,,,,,,,
,,,,,,,,,
,,,,,,,,,
,,,,,,,,,
,,,,,,,,,
,,,,,,,,,
,,,,,,,,,
,,,,,,,,,
,,,,,,,,,
,,,,,,,,,
,,,,,,,,,
,,,,,,,,,
,,,,,,,,,
,,,,,,,,,
,,,,,,,,,
,,,,,,,,,
,,,,,,,,,
,,,,,,,,,
,,,,,,,,,
,,,,,,,,,
,,,,,,,,,
,,,,,,,,,
,,,,,,,,,
,,,,,,,,,
,,,,,,,,,
,,,,,,,,,
,,,,,,,,,
,,,,,,,,,
,,,,,,,,,
,,,,,,,,,
,,,,,,,,,
,,,,,,,,,
,,,,,,,,,
,,,,,,,,,
,,,,,,,,,
,,,,,,,,,
,,,,,,,,,
,,,,,,,,,
,,,,,,,,,
,,,,,,,,,
,,,,,,,,,
,,,,,,,,,
,,,,,,,,,
,,,,,,,,,
,,,,,,,,,
,,,,,,,,,
,,,,,,,,,
,,,,,,,,,
,,,,,,,,,
,,,,,,,,,
,,,,,,,,,
,,,,,,,,,
,,,,,,,,,
,,,,,,,,,
,,,,,,,,,
,,,,,,,,,
,,,,,,,,,
,,,,,,,,,
,,,,,,,,,
,,,,,,,,,
,,,,,,,,,
,,,,,,,,,
,,,,,,,,,
,,,,,,,,,
,,,,,,,,,
,,,,,,,,,
,,,,,,,,,
,,,,,,,,,
,,,,,,,,,
,,,,,,,,,
,,,,,,,,,
,,,,,,,,,
,,,,,,,,,
,,,,,,,,,
,,,,,,,,,
,,,,,,,,,
,,,,,,,,,
,,,,,,,,,
,,,,,,,,,
,,,,,,,,,
,,,,,,,,,
,,,,,,,,,
,,,,,,,,,
,,,,,,,,,
,,,,,,,,,
,,,,,,,,,
,,,,,,,,,
,,,,,,,,,
,,,,,,,,,
,,,,,,,,,
,,,,,,,,,
,,,,,,,,,
,,,,,,,,,
,,,,,,,,,
,,,,,,,,,
,,,,,,,,,
,,,,,,,,,
,,,,,,,,,
,,,,,,,,,
,,,,,,,,,
,,,,,,,,,
,,,,,,,,,
,,,,,,,,,
,,,,,,,,,
,,,,,,,,,
,,,,,,,,,
,,,,,,,,,
,,,,,,,,,
,,,,,,,,,
,,,,,,,,,
,,,,,,,,,
,,,,,,,,,
,,,,,,,,,
,,,,,,,,,
,,,,,,,,,
,,,,,,,,,
,,,,,,,,,
,,,,,,,,,
,,,,,,,,,
,,,,,,,,,
,,,,,,,,,
,,,,,,,,,
,,,,,,,,,
,,,,,,,,,
,,,,,,,,,
,,,,,,,,,
,,,,,,,,,
,,,,,,,,,
,,,,,,,,,
,,,,,,,,,
,,,,,,,,,
,,,,,,,,,
,,,,,,,,,
,,,,,,,,,
,,,,,,,,,
,,,,,,,,,
,,,,,,,,,
,,,,,,,,,
,,,,,,,,,
,,,,,,,,,
,,,,,,,,,
,,,,,,,,,
,,,,,,,,,
,,,,,,,,,
,,,,,,,,,
,,,,,,,,,
,,,,,,,,,
,,,,,,,,,
,,,,,,,,,
,,,,,,,,,
,,,,,,,,,
,,,,,,,,,
,,,,,,,,,
,,,,,,,,,
,,,,,,,,,
,,,,,,,,,
,,,,,,,,,
,,,,,,,,,
,,,,,,,,,
,,,,,,,,,
,,,,,,,,,
,,,,,,,,,
,,,,,,,,,
,,,,,,,,,
,,,,,,,,,
,,,,,,,,,
,,,,,,,,,
,,,,,,,,,
,,,,,,,,,
,,,,,,,,,
,,,,,,,,,
,,,,,,,,,
,,,,,,,,,
,,,,,,,,,
,,,,,,,,,
,,,,,,,,,
,,,,,,,,,
,,,,,,,,,
,,,,,,,,,
,,,,,,,,,
,,,,,,,,,
,,,,,,,,,
,,,,,,,,,
,,,,,,,,,
,,,,,,,,,
,,,,,,,,,
,,,,,,,,,
,,,,,,,,,
,,,,,,,,,
,,,,,,,,,
,,,,,,,,,
,,,,,,,,,
,,,,,,,,,
,,,,,,,,,
,,,,,,,,,
,,,,,,,,,
,,,,,,,,,
,,,,,,,,,
,,,,,,,,,
,,,,,,,,,
,,,,,,,,,
,,,,,,,,,
,,,,,,,,,
,,,,,,,,,
,,,,,,,,,
,,,,,,,,,
,,,,,,,,,
,,,,,,,,,
,,,,,,,,,
,,,,,,,,,
,,,,,,,,,
,,,,,,,,,
,,,,,,,,,
,,,,,,,,,
,,,,,,,,,
,,,,,,,,,
,,,,,,,,,
,,,,,,,,,
,,,,,,,,,
,,,,,,,,,
,,,,,,,,,
,,,,,,,,,
,,,,,,,,,
,,,,,,,,,
,,,,,,,,,
,,,,,,,,,
,,,,,,,,,
,,,,,,,,,
,,,,,,,,,
,,,,,,,,,
,,,,,,,,,
,,,,,,,,,
,,,,,,,,,
,,,,,,,,,
,,,,,,,,,
,,,,,,,,,
,,,,,,,,,
,,,,,,,,,
,,,,,,,,,
,,,,,,,,,
,,,,,,,,,
,,,,,,,,,
,,,,,,,,,
,,,,,,,,,
,,,,,,,,,
,,,,,,,,,
,,,,,,,,,
,,,,,,,,,
,,,,,,,,,
,,,,,,,,,
,,,,,,,,,
,,,,,,,,,
,,,,,,,,,
,,,,,,,,,
,,,,,,,,,
,,,,,,,,,
,,,,,,,,,
,,,,,,,,,
,,,,,,,,,
,,,,,,,,,
,,,,,,,,,
,,,,,,,,,
,,,,,,,,,
,,,,,,,,,
,,,,,,,,,
,,,,,,,,,
,,,,,,,,,
,,,,,,,,,
,,,,,,,,,
,,,,,,,,,
,,,,,,,,,
,,,,,,,,,
,,,,,,,,,
,,,,,,,,,
,,,,,,,,,
,,,,,,,,,
,,,,,,,,,
,,,,,,,,,
,,,,,,,,,
,,,,,,,,,
,,,,,,,,,
,,,,,,,,,
,,,,,,,,,
,,,,,,,,,
,,,,,,,,,
,,,,,,,,,
,,,,,,,,,
,,,,,,,,,
,,,,,,,,,
,,,,,,,,,
,,,,,,,,,
,,,,,,,,,
,,,,,,,,,
,,,,,,,,,
,,,,,,,,,
,,,,,,,,,
,,,,,,,,,
,,,,,,,,,
,,,,,,,,,
,,,,,,,,,
,,,,,,,,,
,,,,,,,,,
,,,,,,,,,
,,,,,,,,,
,,,,,,,,,
,,,,,,,,,
,,,,,,,,,
,,,,,,,,,
,,,,,,,,,
,,,,,,,,,
,,,,,,,,,
,,,,,,,,,
,,,,,,,,,
,,,,,,,,,
,,,,,,,,,
,,,,,,,,,
,,,,,,,,,
,,,,,,,,,
,,,,,,,,,
,,,,,,,,,
,,,,,,,,,
,,,,,,,,,
,,,,,,,,,
,,,,,,,,,
,,,,,,,,,
,,,,,,,,,
,,,,,,,,,
,,,,,,,,,
,,,,,,,,,
,,,,,,,,,
,,,,,,,,,
,,,,,,,,,
,,,,,,,,,
,,,,,,,,,
,,,,,,,,,
,,,,,,,,,
,,,,,,,,,
,,,,,,,,,
,,,,,,,,,
,,,,,,,,,
,,,,,,,,,
,,,,,,,,,
,,,,,,,,,
,,,,,,,,,
,,,,,,,,,
,,,,,,,,,
,,,,,,,,,
,,,,,,,,,
,,,,,,,,,
,,,,,,,,,
,,,,,,,,,
,,,,,,,,,
,,,,,,,,,
,,,,,,,,,
,,,,,,,,,
,,,,,,,,,
,,,,,,,,,
,,,,,,,,,
,,,,,,,,,
,,,,,,,,,
,,,,,,,,,
,,,,,,,,,
,,,,,,,,,
,,,,,,,,,
,,,,,,,,,
,,,,,,,,,
,,,,,,,,,
,,,,,,,,,
,,,,,,,,,
,,,,,,,,,
,,,,,,,,,
,,,,,,,,,
,,,,,,,,,
,,,,,,,,,
,,,,,,,,,
,,,,,,,,,
,,,,,,,,,
,,,,,,,,,
,,,,,,,,,
,,,,,,,,,
,,,,,,,,,
,,,,,,,,,
,,,,,,,,,
,,,,,,,,,
,,,,,,,,,
,,,,,,,,,
,,,,,,,,,
,,,,,,,,,
,,,,,,,,,
,,,,,,,,,
,,,,,,,,,
,,,,,,,,,
,,,,,,,,,
,,,,,,,,,
,,,,,,,,,
,,,,,,,,,
,,,,,,,,,
,,,,,,,,,
,,,,,,,,,
,,,,,,,,,
,,,,,,,,,
,,,,,,,,,
,,,,,,,,,
,,,,,,,,,
,,,,,,,,,
,,,,,,,,,
,,,,,,,,,
,,,,,,,,,
,,,,,,,,,
,,,,,,,,,
,,,,,,,,,
,,,,,,,,,
,,,,,,,,,
,,,,,,,,,
,,,,,,,,,
,,,,,,,,,
,,,,,,,,,
,,,,,,,,,
,,,,,,,,,
,,,,,,,,,
,,,,,,,,,
,,,,,,,,,
,,,,,,,,,
,,,,,,,,,
,,,,,,,,,
,,,,,,,,,
,,,,,,,,,
,,,,,,,,,
,,,,,,,,,
,,,,,,,,,
,,,,,,,,,
,,,,,,,,,
,,,,,,,,,
,,,,,,,,,
,,,,,,,,,
,,,,,,,,,
,,,,,,,,,
,,,,,,,,,
,,,,,,,,,
,,,,,,,,,
,,,,,,,,,
,,,,,,,,,
,,,,,,,,,
,,,,,,,,,
,,,,,,,,,
,,,,,,,,,
,,,,,,,,,
,,,,,,,,,
,,,,,,,,,
,,,,,,,,,
,,,,,,,,,
,,,,,,,,,
,,,,,,,,,
,,,,,,,,,
,,,,,,,,,
,,,,,,,,,
,,,,,,,,,
,,,,,,,,,
,,,,,,,,,
,,,,,,,,,
,,,,,,,,,
,,,,,,,,,
,,,,,,,,,
,,,,,,,,,
,,,,,,,,,
,,,,,,,,,
,,,,,,,,,
,,,,,,,,,
,,,,,,,,,
,,,,,,,,,
,,,,,,,,,
,,,,,,,,,
,,,,,,,,,
,,,,,,,,,
,,,,,,,,,
,,,,,,,,,
,,,,,,,,,
,,,,,,,,,
,,,,,,,,,
,,,,,,,,,
,,,,,,,,,
,,,,,,,,,
,,,,,,,,,
,,,,,,,,,
,,,,,,,,,
,,,,,,,,,
,,,,,,,,,
,,,,,,,,,
,,,,,,,,,
,,,,,,,,,
,,,,,,,,,
,,,,,,,,,
,,,,,,,,,
,,,,,,,,,
,,,,,,,,,
,,,,,,,,,
,,,,,,,,,
,,,,,,,,,
,,,,,,,,,
,,,,,,,,,
,,,,,,,,,
,,,,,,,,,
,,,,,,,,,
,,,,,,,,,
,,,,,,,,,
,,,,,,,,,
,,,,,,,,,
,,,,,,,,,
,,,,,,,,,
,,,,,,,,,
,,,,,,,,,
,,,,,,,,,
,,,,,,,,,
,,,,,,,,,
,,,,,,,,,
,,,,,,,,,
,,,,,,,,,
,,,,,,,,,
,,,,,,,,,
,,,,,,,,,0.0
