PONumber,EntryDate,VendorCode,VendorName,ItemCode,ItemDescription,OrderQuantity,UOM,OriginalOrderQuantity,QtyRecv,DueDate,ReceivedDate,Comments
51426,2025-10-27,SHANG YOUS,"Shanghai Careus Medical Products Co., Ltd (Youshi)",007917                  ,"Transparent  PE Tape 2.0""",19000,LF  ,20000,1000,2025-11-26,12/03/2025,
51679,2025-12-03,BSBT      ,"Beijing Sunpu Biochem Tech Co, LTD",007724                  ,IPBC (3-Iodo-2-propynyl butylcarbamate) SupGaurd® CAS#55406-53-6,1000,EA  ,1000,0,2026-02-03,01/01/1900,
51877,2026-01-07,DERMAMED  ,DermaMed Coatings,006146                  ,"DM-5001 4.5""",37050,LF  ,37050,0,2026-02-23,01/01/1900,
51987,2026-01-19,CROSSTEX  ,Crosstex,005350                  ,Gamma Dot Printed CPI-R03,25000,EA  ,25000,0,2026-02-23,01/01/1900,
51636,2025-11-25,LONGGANG  ,"Longgang Zhongchuang Printing Co, Ltd",007532                  ,"Cohesive Paper Unprinted Latex Free 9.5""",78170,LF  ,91294,13124,2026-02-24,02/16/2026,
52250,2026-02-23,ULINE     ,Uline,005221                  ,BOX 12X12X10 275 LB. TEST DW #S-15036,15,EA  ,15,0,2026-02-24,01/01/1900,
51936,2026-01-13,MEYERS    ,Meyers Printing,007163                  ,URGO - 118 ml (4 oz) Bottle Label Front Vashe / RM7271,154400,EA  ,154400,0,2026-02-26,01/01/1900,
51936,2026-01-13,MEYERS    ,Meyers Printing,007420                  ,VASHE - 118 ml (4 oz) Bottle Label Back 00312 201-LB006 REV 9/23,154440,EA  ,154440,0,2026-02-26,01/01/1900,
51936,2026-01-13,MEYERS    ,Meyers Printing,007424                  ,VASHE - 250 ml Bottle Label Back 00313 201-LB007 REV 9/23,184675,EA  ,184675,0,2026-02-26,01/01/1900,
52131,2026-02-10,EMULTEC   ,EMULTEC CHEMICAL INNOVATIONS,005694                  ,LIPONATE® GC (Caprylic/Capric Triglycerides) CAS# 73398-61-5,15880,GM  ,15880,0,2026-02-26,01/01/1900,
51653,2025-12-02,PENNCO    ,Pennco Container,007960                  ,Pauselife 15ml Tube with White cap,27200,EA  ,27200,0,2026-02-27,01/01/1900,
51781,2025-12-16,PENNCO    ,Pennco Container,007168                  ,"URGO - 250 ml Bottle Domed Oval PET, 24/410",152340,EA  ,152340,0,2026-02-27,01/01/1900,
52034,2026-01-30,APPLE     ,"Apple Corrugated Packaging, Inc.",007480                  ,URGO – 9.8125” x 9.5” x 5.75” Box (118 mL),7575,EA  ,7575,0,2026-02-27,01/01/1900,
51836,2025-12-30,SUZHEMY   ,Suzhou Emy Medical Supplies Co LTD,005859                  ,"MPM MP00990 DRY VEIL CONTACT LAYER 36""X36"" (48ea/CS)",11040,EA  ,11040,0,2026-03-02,01/01/1900,
52053,2026-02-02,PENNCO    ,Pennco Container,008001                  ,"D*4oz Bottle, MPM Regenecare HA Spray MP00117 R0126",8800,EA  ,8800,0,2026-03-02,01/01/1900,
52090,2026-02-05,Do-It     ,Do-It Corporation,007194                  ,"Hanger Tab 0R-FVN-GEK-15B0 1.5"" x 2.5"" w/0.5"" dia hole",42000,EA  ,42000,0,2026-03-02,01/01/1900,
52150,2026-02-12,Arena     ,"Arena Products, Inc.",007231                  ,"AP2370.11-2 Ply Liquid Liner Bag- 2"" Top 2"" Bottom Class with CC",10,EA  ,10,0,2026-03-02,01/01/1900,
52093,2026-02-06,3MMED     ,Solventum US LLC,004560                  ,"3M1513 ADHESIVE TAPE 4.0""",4200,LY  ,4200,0,2026-03-03,01/01/1900,
52093,2026-02-06,3MMED     ,Solventum US LLC,001581                  ,3M 1530 .625 IN,26600,LY  ,26600,0,2026-03-03,01/01/1900,
51528,2025-11-12,SMITH     ,Smith & Nephew Medical Ltd,005203                  ,"RENASYS PORT FILM ROLL/PU  5.78"" (147mm) #66771479",100000,LF  ,100000,0,2026-03-04,01/01/1900,
51528,2025-11-12,SMITH     ,Smith & Nephew Medical Ltd,005204                  ,"S&N PRINTED REL. LINER 111/60 HANDLE 5.5"" (140mm) #66771481",100000,LF  ,100000,0,2026-03-04,01/01/1900,
51528,2025-11-12,SMITH     ,Smith & Nephew Medical Ltd,005205                  ,"S&N PRINTED REL. LINER 111/60 HANDLE 2.5"" (64mm) #66771480",100000,LF  ,100000,0,2026-03-04,01/01/1900,
51902,2026-01-08,TECHNIPAQ ,Technipaq Inc.,005772                  ,AMCOR PPG-30 PRT 4.0X4.75 SURESITE 15.5 IN MSC2304,14000,LF  ,14000,0,2026-03-05,01/01/1900,
51578,2025-11-18,PKG GROUP ,"PKG Group, LLC",007947                  ,AO ProVantage 15 mL BOTTLE AS-15 RS/PP,40000,EA  ,40000,0,2026-03-06,01/01/1900,
51578,2025-11-18,PKG GROUP ,"PKG Group, LLC",007740                  ,AO ProVantage 15 mL Pump&Cap 15-2215,38000,EA  ,38000,0,2026-03-06,01/01/1900,
51747,2025-12-11,FUSIONPKG ,FusionPKG,007752                  ,PERIO WS2250 Sierra Airless Bottle 30 mL,10080,EA  ,10080,0,2026-03-06,01/01/1900,
51747,2025-12-11,FUSIONPKG ,FusionPKG,007778                  ,AO ProVantage 30 mL Pump&Cap,10368,EA  ,10368,0,2026-03-06,01/01/1900,
51846,2025-12-30,Integrated,Integrated Liner Technologies,007187                  ,24-410 Black PP Septa Open Top w/14 mm orifice top hole punched,5000,EA  ,5000,0,2026-03-06,01/01/1900,
51922,2026-01-13,APPLE     ,"Apple Corrugated Packaging, Inc.",007480                  ,URGO – 9.8125” x 9.5” x 5.75” Box (118 mL),5310,EA  ,5310,0,2026-03-06,01/01/1900,
52038,2026-01-30,EVER SCIEN,CAPLUGS,007456                  ,URGO - Dust Cover JS-TU-12 (250mL) Instill Cap,5000,EA  ,5000,0,2026-03-06,01/01/1900,
52092,2026-02-06,IOTECH    ,Iotech International,007583                  ,CS Alkyldiphenyloxide Disulfonate - Dow Fax 2A1,287028,GM  ,287028,0,2026-03-06,01/01/1900,
52092,2026-02-06,IOTECH    ,Iotech International,007584                  ,CS Peppermint Flavor PE 141102,208308,GM  ,208308,0,2026-03-06,01/01/1900,
52092,2026-02-06,IOTECH    ,Iotech International,007593                  ,D* CS 1 liter Bottle Hanger ioRinse,20426,EA  ,20426,0,2026-03-06,01/01/1900,
52092,2026-02-06,IOTECH    ,Iotech International,007601                  ,D* CS 16oz Bottle Hanger ioRinse,15000,EA  ,15000,0,2026-03-06,01/01/1900,
52092,2026-02-06,IOTECH    ,Iotech International,007605                  ,D* CS 16oz Bottle Label Front ioRinse Ultra,13720,EA  ,13720,0,2026-03-06,01/01/1900,
52092,2026-02-06,IOTECH    ,Iotech International,007608                  ,CS Xylitol CAS# 87-99-0,838297,GM  ,838297,0,2026-03-06,01/01/1900,
52092,2026-02-06,IOTECH    ,Iotech International,007610                  ,CS Glycerin CAS# 56-81-5,1867551,GM  ,1867551,0,2026-03-06,01/01/1900,
52092,2026-02-06,IOTECH    ,Iotech International,007611                  ,CS 1 Liter Jigger Caps ioRinse,21142,EA  ,21142,0,2026-03-06,01/01/1900,
52092,2026-02-06,IOTECH    ,Iotech International,007612                  ,CS 16oz Jigger Cap ioRinse,13481,EA  ,13481,0,2026-03-06,01/01/1900,
52092,2026-02-06,IOTECH    ,Iotech International,007924                  ,Iotech STR  HA 16oz back Label,16225,EA  ,16225,0,2026-03-06,01/01/1900,
52092,2026-02-06,IOTECH    ,Iotech International,007597                  ,D* CS 1 liter Bottle Label Front ioRinse Ultra,19697,EA  ,19697,0,2026-03-06,01/01/1900,
52092,2026-02-06,IOTECH    ,Iotech International,007607                  ,CS Sorbitol 70% CAS# 50-70-4,2574187,GM  ,2574187,0,2026-03-06,01/01/1900,
52092,2026-02-06,IOTECH    ,Iotech International,007615                  ,D* CS 1 liter Bottle Label Back ioRinse Ultra,20785,EA  ,20785,0,2026-03-06,01/01/1900,
52092,2026-02-06,IOTECH    ,Iotech International,007616                  ,D* CS 16oz Bottle Label Back ioRinse Ultra,13100,EA  ,13100,0,2026-03-06,01/01/1900,
52092,2026-02-06,IOTECH    ,Iotech International,007910                  ,CS Hyaluronic Acid (Sodium Hyaluronate),50000,GM  ,50000,0,2026-03-06,01/01/1900,
52103,2026-02-06,Centian   ,"Centian, LLC",005732                  ,Xylitol CAS# 87-99-0   KOSHER,400000,GM  ,400000,0,2026-03-06,01/01/1900,
52104,2026-02-06,Centian   ,"Centian, LLC",007747                  ,Trans-Ferulic Acid CAS# 1135-24-6,25000,GM  ,25000,0,2026-03-06,01/01/1900,
52107,2026-02-06,BERJE     ,"Berje, Inc",005528                  ,Mentha Viridis (Spearmint) Leaf Oil CAS# 8008-79-5 KOSHER,1000,GM  ,1000,0,2026-03-06,01/01/1900,
52109,2026-02-06,ESSENTIAL ,ESSENTIAL INGREDIENTS,007818                  ,PAM Extract Citrus Grandis CAS# 90045-43-5,8000,GM  ,8000,0,2026-03-06,01/01/1900,
52114,2026-02-09,TERRY LABS,TERRY LABORATORIES,005679                  ,Aloe Vera Whole Leaf Gel 1X (WLG001) CAS# 8001-97-6,38000,GM  ,38000,0,2026-03-06,01/01/1900,
52206,2026-02-18,PEACHTREE ,Peachtree Kay,007949                  ,BlastX IFU NMS-40001 Rev P,47820,EA  ,47820,0,2026-03-06,01/01/1900,
52206,2026-02-18,PEACHTREE ,Peachtree Kay,007950                  ,BlastX Wound Gel Unit Box 30mL-1oz NMS-30001 Rev U,47310,EA  ,47310,0,2026-03-06,01/01/1900,
52239,2026-02-23,UNIVAR    ,Univar USA,007230                  ,PEG 3350 CARBOWAX SENTRY WITH INHIBITOR,225000,GM  ,225000,0,2026-03-06,01/01/1900,
52242,2026-02-23,NORMAN FOX,"Norman, Fox & Co.",006325                  ,"SODIUM CITRATE DIHYDRATE, CAS# 6132-04-3",25000,GM  ,25000,0,2026-03-06,01/01/1900,
51635,2025-11-25,LONGGANG  ,"Longgang Zhongchuang Printing Co, Ltd",007531                  ,"Cohesive Paper Unprinted Natural Latex 8.75""",1326400,LF  ,1326400,0,2026-03-09,01/01/1900,
51659,2025-12-02,PENNCO    ,Pennco Container,007174                  ,475 ml Bottle Capri Oval PET 28/410,89400,EA  ,89400,0,2026-03-09,01/01/1900,
51732,2025-12-09,WUJIANG   ,Wujiang Tongli Press,006248                  ,"ACM 2X2 COLLAGEN PAD SBS .016"" CTN 3.625"" X .5000"" X 4.625""",2500,EA  ,2500,0,2026-03-09,01/01/1900,
51893,2026-01-08,NINGBO    ,Ningbo Chinmed Technology,004282                  ,"R007 18 MIL HYDROCOLLOID 9.448"" (24cm)",1744,LY  ,1744,0,2026-03-09,01/01/1900,
51897,2026-01-08,WUJIANG   ,Wujiang Tongli Press,006110                  ,"MEDLINE SUREFILM .018 SBS CARTON 4"" X 11yd MSC2404",3000,EA  ,3000,0,2026-03-09,01/01/1900,
51931,2026-01-13,LBB       ,"LBB Specialties Holdings, LLC",007305                  ,Morton Culinox 999 food grade salt,680400,GM  ,680400,0,2026-03-09,01/01/1900,
52115,2026-02-09,APPLE     ,"Apple Corrugated Packaging, Inc.",000592                  ,BOX 5.5 X 5 X 6,230,EA  ,1000,770,2026-03-09,02/18/2026,
52115,2026-02-09,APPLE     ,"Apple Corrugated Packaging, Inc.",003745                  ,"BOX 9.5"" X 8.5"" X 5.875"" RSC, 32 ECT",5860,EA  ,5860,0,2026-03-09,01/01/1900,
52115,2026-02-09,APPLE     ,"Apple Corrugated Packaging, Inc.",003746                  ,"BOX 16.75""x8.5""x12.625"" RSC, 32 ECT",1200,EA  ,1200,0,2026-03-09,01/01/1900,
52115,2026-02-09,APPLE     ,"Apple Corrugated Packaging, Inc.",003748                  ,"BOX 16.75""x8.625""x12.625 RSC, 32 ECT",1200,EA  ,1200,0,2026-03-09,01/01/1900,
52115,2026-02-09,APPLE     ,"Apple Corrugated Packaging, Inc.",003751                  ,"BOX 15.75""x8.5""x13.75"" RSC, 32 ECT",1000,EA  ,1000,0,2026-03-09,01/01/1900,
52115,2026-02-09,APPLE     ,"Apple Corrugated Packaging, Inc.",007477                  ,URGO - Shipper Box (1 Liter),3110,EA  ,3110,0,2026-03-09,01/01/1900,
52115,2026-02-09,APPLE     ,"Apple Corrugated Packaging, Inc.",007478                  ,"URGO – 10.250"" x 10.3125"" x 9.0625"" Box (475 mL)",2500,EA  ,2500,0,2026-03-09,01/01/1900,
52115,2026-02-09,APPLE     ,"Apple Corrugated Packaging, Inc.",007479                  ,URGO - Shipper Box (250 mL),14580,EA  ,14580,0,2026-03-09,01/01/1900,
52115,2026-02-09,APPLE     ,"Apple Corrugated Packaging, Inc.",007480                  ,URGO – 9.8125” x 9.5” x 5.75” Box (118 mL),2500,EA  ,2500,0,2026-03-09,01/01/1900,
52116,2026-02-09,BANA      ,Bana Box,007165                  ,URGO- Partition - 6 x 4 Cells Vashe 4oz/118ml,1440,EA  ,1440,0,2026-03-09,01/01/1900,
52116,2026-02-09,BANA      ,Bana Box,007171                  ,URGO - Partition - 3 x 4 Cells Vashe 8.5oz/250ml,16310,EA  ,16310,0,2026-03-09,01/01/1900,
52116,2026-02-09,BANA      ,Bana Box,007178                  ,URGO - Partition - 3 x 4 Cells Vashe 16oz/475ml,2200,EA  ,2200,0,2026-03-09,01/01/1900,
52116,2026-02-09,BANA      ,Bana Box,007184                  ,URGO - Partition - 2 x 3 Cells Vashe 1L/946ml,3400,EA  ,3400,0,2026-03-09,01/01/1900,
52127,2026-02-09,WUJIANG   ,Wujiang Tongli Press,007945                  ,IMPLUS SKIN BLISTER PAD CARTON 2ND SKIN,17000,EA  ,17000,0,2026-03-09,01/01/1900,
52153,2026-02-12,EVER SCIEN,CAPLUGS,007193                  ,URGO - Dust Cover Instillation Cap JS-19,37500,EA  ,37500,0,2026-03-09,01/01/1900,
52153,2026-02-12,EVER SCIEN,CAPLUGS,007456                  ,URGO - Dust Cover JS-TU-12 (250mL) Instill Cap,2500,EA  ,2500,0,2026-03-09,01/01/1900,
52158,2026-02-12,HARTYS    ,PSK Printing & Shipping,007759                  ,OVERLABEL MPM COOL MAGIC 6X8,9900,EA  ,9900,0,2026-03-09,01/01/1900,
51802,2025-12-18,WUJIANG   ,Wujiang Tongli Press,007968                  ,SBS carton for 50mL Pauselife,27000,EA  ,27000,0,2026-03-10,01/01/1900,
51802,2025-12-18,WUJIANG   ,Wujiang Tongli Press,007969                  ,SBS carton for 15mL Pauselife,27000,EA  ,27000,0,2026-03-10,01/01/1900,
51895,2026-01-08,TECHNIPAQ ,Technipaq Inc.,002579                  ,AMCOR PPG-30 PAPER 8.0 IN UNPRINTED,21000,LF  ,21000,0,2026-03-10,01/01/1900,
51920,2026-01-13,3SIGMA    ,3 Sigma,R-30252                 ,1 mil PET/REP4/40# Liner 5 IN,33600,LF  ,33600,0,2026-03-10,01/01/1900,
52039,2026-01-30,GMC       ,GMC COATING LTD,000226                  ,TIGHT REL 53# LNR 3 IN,125000,LF  ,125000,0,2026-03-10,01/01/1900,
52039,2026-01-30,GMC       ,GMC COATING LTD,000225                  ,TIGHT REL 53# LNR 2.5 IN,125000,LF  ,125000,0,2026-03-10,01/01/1900,
52039,2026-01-30,GMC       ,GMC COATING LTD,000227                  ,TIGHT REL 53# LNR 3.5 IN,125000,LF  ,125000,0,2026-03-10,01/01/1900,
52130,2026-02-10,DD Essent ,"D&D Essential Oils, LLC",007785                  ,Peppermint Oil CAS# 8006-90-4,1362,GM  ,1362,0,2026-03-10,01/01/1900,
52110,2026-02-06,Spec Chem ,Spectrum Chemical,007815                  ,Sodium Hexametaphosphate,3000,GM  ,3000,0,2026-03-11,01/01/1900,
52110,2026-02-06,Spec Chem ,Spectrum Chemical,005722                  ,D* Sodium Hydroxide CAS# 1310-73-2,12000,GM  ,12000,0,2026-03-11,01/01/1900,
51839,2025-12-30,ACTAVIS   ,Norgesplaster AS,007902                  ,ACTAVIS 4.25 IN SCANTAPE 65008APL,2624,LY  ,2624,0,2026-03-12,01/01/1900,
52157,2026-02-12,GMC       ,GMC COATING LTD,004559                  ,"53# TIGHT REL. LINER  9.0""",75000,LF  ,75000,0,2026-03-12,01/01/1900,
52169,2026-02-12,UNIVAR    ,Univar USA,006324                  ,"SODIUM BICARBONATE 89362 SOD BICARB USP 1, CAS# 144-55-8",113400,GM  ,113400,0,2026-03-12,01/01/1900,
52169,2026-02-12,UNIVAR    ,Univar USA,006328                  ,CARBOX WAX SENTRY POLYETHYLENE GLYCOL 600 NF CAS#25322-68-3,226800,GM  ,226800,0,2026-03-12,01/01/1900,
52169,2026-02-12,UNIVAR    ,Univar USA,007797                  ,Benzoic Acid CAS# 65-85-0,25000,GM  ,25000,0,2026-03-12,01/01/1900,
51749,2025-12-11,SUZHEMY   ,Suzhou Emy Medical Supplies Co LTD,007761                  ,"42"" 25GA FC7 FILM",680000,LF  ,680000,0,2026-03-13,01/01/1900,
52152,2026-02-12,COASTSW   ,Coast Southwest,007777                  ,Glycerin CAS# 56-81-5,250000,GM  ,250000,0,2026-03-13,01/01/1900,
52175,2026-02-13,Spec Chem ,Spectrum Chemical,007076                  ,BENZALKONIUM CHLORIDE CAS# 8001-54-5,2000,GM  ,2000,0,2026-03-13,01/01/1900,
52176,2026-02-13,UNIVAR    ,Univar USA,007230                  ,PEG 3350 CARBOWAX SENTRY WITH INHIBITOR,275000,GM  ,275000,0,2026-03-13,01/01/1900,
52202,2026-02-18,GARBO     ,MuseChem,007807                  ,Epigallocateechin Gallate CAS# 989-51-5,1000,GM  ,1000,0,2026-03-13,01/01/1900,
