Date,Shift,Operator,Machine,Lot Number,Item Code,Description,UOM,Planned Quantity,Act Quantity,Comments,Unnamed: 11,Unnamed: 12,Unnamed: 13,Unnamed: 14,Unnamed: 15,Unnamed: 16,Unnamed: 17,Unnamed: 18,Unnamed: 19,Unnamed: 20,Unnamed: 21,Unnamed: 22,Unnamed: 23,Unnamed: 24,Unnamed: 25,Unnamed: 26,Unnamed: 27,Unnamed: 28,Unnamed: 29,Unnamed: 30,Unnamed: 31,Unnamed: 32,Unnamed: 33,Unnamed: 34,Unnamed: 35,Unnamed: 36,Unnamed: 37,Unnamed: 38,Unnamed: 39,Unnamed: 40,Unnamed: 41
2023-02-12,2nd,Ladies,impulse Sealer,54388.0,4152,"McKESSON 61-82044 DRESSING, HYDROGEL SHEET STR LF",EA,3000,2600,,,,,,,,,,,,,,,,,,,,,,,,,,,,,,,,
2025-02-18,1st,Juan ,scout,54782.0,7544,"Cardinal Pouching 8.75"" Adh Dressing Natural Latex",LF,14000,52240,,,,,,,,,,,,,,,,,,,,,,,,,,,,,,,,
2025-02-18,1st,Juan ,scout,54778.0,7543,"Cardinal Pouching 8.75"" Adh Dressing Natural Latex",LF,14000,65480,,,,,,,,,,,,,,,,,,,,,,,,,,,,,,,,
2025-02-19,1st,Salvador ,D4,53866.0,7235,HARMAC PRTD DRAPE ASSEMBLY ,EA,14000,16000,,,,,,,,,,,,,,,,,,,,,,,,,,,,,,,,
2025-02-19,1st,Faustino,D1,54643.0,3707,Telfa pad Clear sub,LF,23800,28000,,,,,,,,,,,,,,,,,,,,,,,,,,,,,,,,
2025-02-19,1st,Jesus,D2,54637.0,7486,Cardinal Health Telfa Adhesive dressing 3x4,CS,60,65,,,,,,,,,,,,,,,,,,,,,,,,,,,,,,,,
2025-02-19,1st,Esteban,D3,54497.0,3752,MPM 4X5THIN FILM DRESSING STERILE MP00470,CS,,60,,,,,,,,,,,,,,,,,,,,,,,,,,,,,,,,
2025-02-19,1st,Ladies,impulse Sealer,54388.0,4152,"McKESSON 61-82044 DRESSING, HYDROGEL SHEET STR LF",EA,3000,3720,,,,,,,,,,,,,,,,,,,,,,,,,,,,,,,,
2025-02-20,1st,Faustino,D1,54643.0,3707,Telfa pad Clear sub,LF,,31200,,,,,,,,,,,,,,,,,,,,,,,,,,,,,,,,
2025-02-20,1st,Jesus,D2,54637.0,7486,Cardinal Health Telfa Adhesive dressing 3x4,CS,60,80,,,,,,,,,,,,,,,,,,,,,,,,,,,,,,,,
2025-02-20,1st,Esteban,D3,54497.0,3752,MPM 4X5THIN FILM DRESSING STERILE MP00470,CS,,64,,,,,,,,,,,,,,,,,,,,,,,,,,,,,,,,
2025-02-20,1st,Salvador ,D4,53866.0,7235,HARMAC PRTD DRAPE ASSEMBLY ,EA,14000,14000,,,,,,,,,,,,,,,,,,,,,,,,,,,,,,,,
2025-02-20,1st,ladies,Impulse sealer,54388.0,4152,"Mckesson 61-82044 Dressing, Hydrogel Sheet STR LF",EA,3000,4420,Job completed,,,,,,,,,,,,,,,,,,,,,,,,,,,,,,,
2025-02-20,1st,ladies,C2,54173.0,5005,Implus Skin Blister Pads 474200,CTN,,2400,,,,,,,,,,,,,,,,,,,,,,,,,,,,,,,,
2025-02-20,1st,Juan ,scout,54778.0,7543,"Cardinal Pouching 8.75"" Adh Dressing Natural Latex",LF,14000,26240,,,,,,,,,,,,,,,,,,,,,,,,,,,,,,,,
2025-02-20,1st,Juan ,scout,54782.0,7544,"Cardinal Pouching 8.75"" Adh Dressing Natural Latex",LF,14000,52480,,,,,,,,,,,,,,,,,,,,,,,,,,,,,,,,
2025-02-20,1st,Jesus,D2,54637.0,7486,Cardinal Health Telfa Adhesive dressing 3x4,CS,60,75,,,,,,,,,,,,,,,,,,,,,,,,,,,,,,,,
2025-02-23,1st,Faustino,D1,54643.0,3707,Telfa pad Clear sub,LF,23800,42300,,,,,,,,,,,,,,,,,,,,,,,,,,,,,,,,
2025-02-23,1st,Esteban,D3,54497.0,3752,MPM 4X5THIN FILM DRESSING STERILE MP00470,CS,28000,64,,,,,,,,,,,,,,,,,,,,,,,,,,,,,,,,
2026-01-05,1st,Jesus,D2,53931.0,7482,"CARDINAL HEALTH TELFA MINI ISLAND DRESSING 2""x3.75",CS,255,279,,,,,,,,,,,,,,,,,,,,,,,,,,,,,,,,
2026-01-05,2nd,Tandy,D2,53931.0,7482,"CARDINAL HEALTH TELFA MINI ISLAND DRESSING 2""x3.75",CS,255,276,,,,,,,,,,,,,,,,,,,,,,,,,,,,,,,,
2026-01-05,2nd,Antonio,D4,53857.0,7235,HARMAC PRTD DRAPE ASSEMBLY P3113231 REV.C  (ROW),EA,14000,18000,,,,,,,,,,,,,,,,,,,,,,,,,,,,,,,,
2026-01-05,1st,Salvador ,D4,53857.0,7235,HARMAC PRTD DRAPE ASSEMBLY P3113231 REV.C  (ROW),EA,14000,16000,,,,,,,,,,,,,,,,,,,,,,,,,,,,,,,,
2026-01-05,1st,Faustino,Pace,54077.0,3428,"6.0"" Liner Blue 3-Mil LDPE (SUB)",LF,3000,3000,JOB COMPLETED,,,,,,,,,,,,,,,,,,,,,,,,,,,,,,,
2026-01-05,1st,Faustino,Pace,54076.0,3427,"Pair of 5.0"" Liner Blue 3-Mil LDPE (SUB)",LF,3000,0,Set up only,,,,,,,,,,,,,,,,,,,,,,,,,,,,,,,
2026-01-05,1st,Felix,D1,53927.0,3707,Telfa Pad Clear Sub,LF,23800,7800,Set up and run,,,,,,,,,,,,,,,,,,,,,,,,,,,,,,,
2026-01-05,1st,Juan Z.,Scout,53928.0,7544,"Cardinal Latex Warning Black 8.75"" Natural Latex",LF,42000,52480,,,,,,,,,,,,,,,,,,,,,,,,,,,,,,,,
2026-01-06,1st,Jesus,D2,53931.0,7482,"CARDINAL HEALTH TELFA MINI ISLAND DRESSING 2""x3.75",CS,255,90,out cohesive material,,,,,,,,,,,,,,,,,,,,,,,,,,,,,,,
2026-01-06,2nd,Tandy/Antonio,D13,54173.0,5005,Implus skin Blister Pads 474200,EA,49000,10000,Set up and run,,,,,,,,,,,,,,,,,,,,,,,,,,,,,,,
2026-01-06,1st,Salvador ,D4,53857.0,7235,HARMAC PRTD DRAPE ASSEMBLY P3113231 REV.C  (ROW),EA,14000,16000,,,,,,,,,,,,,,,,,,,,,,,,,,,,,,,,
2026-01-06,1st,Felix,D1,53927.0,3707,Telfa Pad Clear Sub,LF,23800,28600,,,,,,,,,,,,,,,,,,,,,,,,,,,,,,,,
2026-01-06,1st,Juan Z.,Scout,53928.0,7544,"Cardinal Latex Warning Black 8.75"" Natural Latex",LF,42000,52480,,,,,,,,,,,,,,,,,,,,,,,,,,,,,,,,
2026-01-06,1st,Faustino,Pace,54076.0,3427,"Pair of 5.0"" Liner Blue 3-Mil LDPE (SUB)",LF,3000,3000,JOB COMPLETED,,,,,,,,,,,,,,,,,,,,,,,,,,,,,,,
2026-01-06,1st,Juan Z.,Scout,54534.0,7543,"Cardinal Pouching 8.75"" Adh Dressing Natural Latex",LF,42000,0,SET UP ONLY,,,,,,,,,,,,,,,,,,,,,,,,,,,,,,,
2026-01-06,2nd,Antonio,D3,54351.0,6145,Medline/glory sun safe secure,EA,31500,12100,"Set up and run, helping operator on D13.",,,,,,,,,,,,,,,,,,,,,,,,,,,,,,,39.0
2026-01-07,1st,Salvador ,D4,53857.0,7235,HARMAC PRTD DRAPE ASSEMBLY P3113231 REV.C  (ROW),EA,14000,14000,Machine down 2 hrs due to waiting material be realeased (005203),,,,,,,,,,,,,,,,,,,,,,,,,,,,,,,
2026-01-07,1st,Juan Z.,Scout,54534.0,7543,"Cardinal Pouching 8.75"" Adh Dressing Natural Latex",LF,42000,52480,,,,,,,,,,,,,,,,,,,,,,,,,,,,,,,,
2026-01-07,1st,Faustino,Pace,54078.0,3424,"MPM Cool Magic Gel Sheet 6.0""x8.0"" OL MP00208",EA,3000,1430,Set up and  run,,,,,,,,,,,,,,,,,,,,,,,,,,,,,,,
2026-01-07,1st,Jesus,D3,54351.0,6145,Medline/glory sun safe secure,EA,31500,28000,"Stop early,  out of material R-30252",,,,,,,,,,,,,,,,,,,,,,,,,,,,,,,39.0
2026-01-07,2nd,Antonio,D4,53857.0,7235,HARMAC PRTD DRAPE ASSEMBLY P3113231 REV.C  (ROW),EA,14000,15000,,,,,,,,,,,,,,,,,,,,,,,,,,,,,,,,
2026-01-08,1st,Jesus,D13,54173.0,5005,Implus skin Blister Pads 474200,EA,49000,19200,"Just work 4 hrs, then go to D2 to run test order",,,,,,,,,,,,,,,,,,,,,,,,,,,,,,,
2026-01-08,2nd,Antonio,D4,53857.0,7235,HARMAC PRTD DRAPE ASSEMBLY P3113231 REV.C  (ROW),EA,14000,17500,,,,,,,,,,,,,,,,,,,,,,,,,,,,,,,,
2026-01-08,1st,Salvador ,D4,53857.0,7235,HARMAC PRTD DRAPE ASSEMBLY P3113231 REV.C  (ROW),EA,14000,16000,,,,,,,,,,,,,,,,,,,,,,,,,,,,,,,,
2026-01-08,1st,Juan Z.,Scout,54534.0,7543,"Cardinal Pouching 8.75"" Adh Dressing Natural Latex",LF,42000,52480,,,,,,,,,,,,,,,,,,,,,,,,,,,,,,,,
2026-01-08,1st,Faustino,Pace,54078.0,3424,"MPM Cool Magic Gel Sheet 6.0""x8.0"" OL MP00208",EA,3000,3750,,,,,,,,,,,,,,,,,,,,,,,,,,,,,,,,
2026-01-08,1st,Jesus,D2,54403.0,7482,"CARDINAL HEALTH TELFA MINI ISLAND DRESSING 2""x3.75",CS,255,15,TEST ORDER completed,,,,,,,,,,,,,,,,,,,,,,,,,,,,,,,39.0
2026-01-08,1st,Roselia,Hand Pack,54351.0,6145,Medline/glory sun safe secure,EA,20000,12000,Only work 1 person,,,,,,,,,,,,,,,,,,,,,,,,,,,,,,,39.0
2026-01-09,2nd,Antonio,D13,54173.0,5005,Implus skin Blister Pads 474200,EA,49000,5500,Work for 3 hrs then D4.,,,,,,,,,,,,,,,,,,,,,,,,,,,,,,,
2026-01-09,1st,Salvador ,D4,53857.0,7235,HARMAC PRTD DRAPE ASSEMBLY P3113231 REV.C  (ROW),EA,14000,18000,,,,,,,,,,,,,,,,,,,,,,,,,,,,,,,,
2026-01-09,1st,Juan Z.,Scout,54534.0,7543,"Cardinal Pouching 8.75"" Adh Dressing Natural Latex",LF,42000,65600,,,,,,,,,,,,,,,,,,,,,,,,,,,,,,,,
2026-01-09,1st,Faustino,Pace,54078.0,3424,"MPM Cool Magic Gel Sheet 6.0""x8.0"" OL MP00208",EA,3000,3500,,,,,,,,,,,,,,,,,,,,,,,,,,,,,,,,
2026-01-09,1st,Jesus,D2,54405.0,7486,"CARDINAL HEALTH TELFA MINI ISLAND DRESSING 2""x3.75",CS,30,0,Set up only,,,,,,,,,,,,,,,,,,,,,,,,,,,,,,,39.0
2026-01-09,1st,Roselia,Hand Pack,54351.0,6145,Medline/glory sun safe secure,EA,20000,27600,"Total to be quantiry released 39,600 EA",,,,,,,,,,,,,,,,,,,,,,,,,,,,,,,39.0
2026-01-09,2nd,Antonio,D4,53857.0,7235,HARMAC PRTD DRAPE ASSEMBLY P3113231 REV.C  (ROW),EA,14000,8000,"Align set up, and run for 4 hrs",,,,,,,,,,,,,,,,,,,,,,,,,,,,,,,
2026-01-12,2nd,Antonio,D4,53857.0,7235,HARMAC PRTD DRAPE ASSEMBLY P3113231 REV.C  (ROW),EA,14000,10750,"Maintnance working on machine, and test run.",,,,,,,,,,,,,,,,,,,,,,,,,,,,,,,
2026-01-12,2nd,Felix,D1,54405.0,7909,Telfa Pad Clear Sub,LF,TEST,2400,JOB COMPLETED,,,,,,,,,,,,,,,,,,,,,,,,,,,,,,,
2026-01-12,2nd,Felix,D1,53927.0,3707,Telfa Pad Clear Sub,LF,23800,26000,,,,,,,,,,,,,,,,,,,,,,,,,,,,,,,,
2026-01-12,1st,Salvador ,D4,53857.0,7235,HARMAC PRTD DRAPE ASSEMBLY P3113231 REV.C  (ROW),EA,14000,16000,,,,,,,,,,,,,,,,,,,,,,,,,,,,,,,,
2026-01-12,1st,Faustino,Pace,54078.0,3424,"MPM Cool Magic Gel Sheet 6.0""x8.0"" OL MP00208",EA,3000,2000,Stop @ 10am to run delta 1,,,,,,,,,,,,,,,,,,,,,,,,,,,,,,,
2026-01-12,1st,Jesus,D2,54405.0,7486,"CARDINAL HEALTH TELFA MINI ISLAND DRESSING 2""x3.75",CS,30,23,Start run 10am,,,,,,,,,,,,,,,,,,,,,,,,,,,,,,,39.0
2026-01-12,1st,Jesus/Faustino,D1,54404.0,7909,Telfa Pad Clear Sub,LF,TEST,15600,Stsrt run 8 am,,,,,,,,,,,,,,,,,,,,,,,,,,,,,,,
2026-01-12,2nd,Antonio,D13,54173.0,5005,Implus skin Blister Pads 474200,EA,49000,2000,work for 1 hr.,,,,,,,,,,,,,,,,,,,,,,,,,,,,,,,
2026-01-12,2nd,Tandy,D2,54405.0,7486,Cardinal health 3x4 adhesive dressing,CS,70,6,JOB COMPLETED,,,,,,,,,,,,,,,,,,,,,,,,,,,,,,,
2026-01-12,2nd,Tandy,D2,53929.0,7487,Cardinal Health Adhesive dressing 2x4,CS,60,16,Set up and  run.,,,,,,,,,,,,,,,,,,,,,,,,,,,,,,,
2026-01-13,2nd,Antonio,D4,54667.0,7235,HARMAC PRTD DRAPE ASSEMBLY P3113231 REV.C  (ROW),EA,14000,4000,Test order completed,,,,,,,,,,,,,,,,,,,,,,,,,,,,,,,
2026-01-13,2nd,Felix,D1,53927.0,3707,Telfa Pad Clear Sub,LF,23800,20800,,,,,,,,,,,,,,,,,,,,,,,,,,,,,,,,
2026-01-13,1st,Salvador ,D4,53857.0,7235,HARMAC PRTD DRAPE ASSEMBLY P3113231 REV.C  (ROW),EA,14000,10000,Stop @ 10am to run Test order,,,,,,,,,,,,,,,,,,,,,,,,,,,,,,,
2026-01-13,1st,Faustino,Pace,54078.0,3424,"MPM Cool Magic Gel Sheet 6.0""x8.0"" OL MP00208",EA,3000,480,JOB COMPLETED ON CONVERTING,,,,,,,,,,,,,,,,,,,,,,,,,,,,,,,
2026-01-13,1st,Jesus,D2,53929.0,7487,Cardinal Health Adhesive dressing 2x4,CS,60,47,"Start @ 7:30 am, operator coming late",,,,,,,,,,,,,,,,,,,,,,,,,,,,,,,
2026-01-13,1st,Esteban,D13,54173.0,5005,Implus skin Blister Pads 474200,EA,49000,43700,JOB COMPLETED ON CONVERTING,,,,,,,,,,,,,,,,,,,,,,,,,,,,,,,
2026-01-13,1st,Faustino,Pace,53227.0,5045,FREUDENBERG,EA,3000,2500,Set up and  run.,,,,,,,,,,,,,,,,,,,,,,,,,,,,,,,
2026-01-13,1st,Juan Z.,Slitter,53923.0,7417,"Cotton 3"" sub ",LF,112000,112000,Set up and run,,,,,,,,,,,,,,,,,,,,,,,,,,,,,,,
2026-01-13,2nd,Antonio,D4,53857.0,7235,HARMAC PRTD DRAPE ASSEMBLY P3113231 REV.C  (ROW),EA,14000,4000,Run for 1.5 hrs,,,,,,,,,,,,,,,,,,,,,,,,,,,,,,,
2026-01-13,2nd,Tandy,D2,53929.0,7487,Cardinal Health Adhesive dressing 2x4,CS,60,55,,,,,,,,,,,,,,,,,,,,,,,,,,,,,,,,
2026-01-14,1st,Faustino,D1,53927.0,3707,Telfa Pad Clear Sub,LF,23800,26000,,,,,,,,,,,,,,,,,,,,,,,,,,,,,,,,
2026-01-14,2nd,Antonio,D3,53990.0,2977,Medline drsg suresite 4x4.75 Bulk,CS,16,14,,,,,,,,,,,,,,,,,,,,,,,,,,,,,,,,
2026-01-14,2nd,Tandy,D2,53929.0,7487,Cardinal Health Adhesive dressing 2x4,CS,60,77,,,,,,,,,,,,,,,,,,,,,,,,,,,,,,,,
2026-01-14,1st,Salvador ,D3,53990.0,2977,Medline drsg suresite 4x4.75 Bulk,CS,16,18,,,,,,,,,,,,,,,,,,,,,,,,,,,,,,,,
2026-01-14,1st,Jesus,D2,53929.0,7487,Cardinal Health Adhesive dressing 2x4,CS,60,60,,,,,,,,,,,,,,,,,,,,,,,,,,,,,,,,
2026-01-14,1st,Juan Z.,Cuderm,53760.0,1920,Emed Prtd liner,LF,,25000,Set up and run,,,,,,,,,,,,,,,,,,,,,,,,,,,,,,,
2026-01-14,1st,Faustino,Pace,53227.0,5045,FREUDENBERG,EA,3000,1900,only work 2 hrs,,,,,,,,,,,,,,,,,,,,,,,,,,,,,,,
2026-01-14,2nd,Felix,D1,53927.0,3707,Telfa Pad Clear Sub,LF,23800,28000,,,,,,,,,,,,,,,,,,,,,,,,,,,,,,,,
2026-01-15,1st,Faustino,D1,53927.0,3707,Telfa Pad Clear Sub,LF,23800,28600,,,,,,,,,,,,,,,,,,,,,,,,,,,,,,,,
2026-01-15,2nd,Felix,D1,53927.0,3707,Telfa Pad Clear Sub,LF,23800,26000,,,,,,,,,,,,,,,,,,,,,,,,,,,,,,,,
2026-01-15,1st,Jesus,D2,53929.0,7487,Cardinal Health Adhesive dressing 2x4,CS,60,60,,,,,,,,,,,,,,,,,,,,,,,,,,,,,,,,
2026-01-15,1st,Juan Z.,Cuderm,53760.0,1920,Emed Prtd liner,LF,,40000,,,,,,,,,,,,,,,,,,,,,,,,,,,,,,,,
2026-01-15,2n d,Tandy,D2,53929.0,7487,Cardinal Health Adhesive dressing 2x4,CS,60,70,,,,,,,,,,,,,,,,,,,,,,,,,,,,,,,,
2026-01-16,1st,Juan Z.,D1,53927.0,3707,Telfa Pad Clear Sub,LF,23800,20800,"Stop @ noon, to go cuderm and to do scales",,,,,,,,,,,,,,,,,,,,,,,,,,,,,,,
2026-01-16,1st,Faustino,D3,53990.0,2977,Medline drsg suresite 4x4.75 Bulk,CS,16,13,"Operator 1st time running this product, Salvador train hin 1 hr",,,,,,,,,,,,,,,,,,,,,,,,,,,,,,,
2026-01-16,2nd,Felix,D3,53990.0,2977,Medline drsg suresite 4x4.75 Bulk,CS,16,9,JOB COMPLETED,,,,,,,,,,,,,,,,,,,,,,,,,,,,,,,
2026-01-16,2nd,Alan,Pace,53227.0,5045,FREUDENBERG,EA,3000,1600,Run for 3 hrs.,,,,,,,,,,,,,,,,,,,,,,,,,,,,,,,
2026-01-16,1st,Salvador ,D2,53929.0,7487,Cardinal Health Adhesive dressing 2x4,CS,60,47,"Salvador train operator one hour on D1, and help 1.5 hrs operator on D4",,,,,,,,,,,,,,,,,,,,,,,,,,,,,,,
2026-01-16,1st,Esteban,D4,53857.0,7235,HARMAC PRTD DRAPE ASSEMBLY P3113231 REV.C  (ROW),EA,14000,6000,Complete set up and have issues w/ wrinckles (Salvador help Esteban),,,,,,,,,,,,,,,,,,,,,,,,,,,,,,,
2026-01-16,2nd,Antonio,D2,53929.0,7487,Cardinal Health Adhesive dressing 2x4,CS,70,74,,,,,,,,,,,,,,,,,,,,,,,,,,,,,,,,
2026-01-16,2nd,Alan,D1,53927.0,3707,Telfa Pad Clear Sub,LF,23800,11400,Run ot of Mylar.,,,,,,,,,,,,,,,,,,,,,,,,,,,,,,,
2026-01-19,1st,Faustin,D1,53927.0,3707,Telfa Pad Clear Sub,LF,23800,7800,"Start @ 10:30 am, waiting for maylar",,,,,,,,,,,,,,,,,,,,,,,,,,,,,,,
2026-01-19,1st,Esteban,D3,53766.0,1917,Evans ,EA,56000,45000,complete set up and run,,,,,,,,,,,,,,,,,,,,,,,,,,,,,,,
2026-01-19,1st,Faustino,Pace,53227.0,5045,FREUDENBERG,EA,3000,1700,out of material,,,,,,,,,,,,,,,,,,,,,,,,,,,,,,,
2026-01-19,2nd,Felix,D1,53927.0,3707,Telfa Pad Clear Sub,LF,23800,26000,,,,,,,,,,,,,,,,,,,,,,,,,,,,,,,,
2026-01-19,1st,Esteban,D3,53766.0,1917,Evans 2x3 dressing,EA,56000,66500,,,,,,,,,,,,,,,,,,,,,,,,,,,,,,,,
2026-01-19,1st,Jesus,D2,53929.0,7487,Cardinal Health Adhesive dressing 2x4,CS,70,70,,,,,,,,,,,,,,,,,,,,,,,,,,,,,,,,
2026-01-19,1st,Salvador ,D4,53857.0,7235,HARMAC PRTD DRAPE ASSEMBLY P3113231 REV.C  (ROW),EA,14000,16000,Beginning shift issues w/aligment,,,,,,,,,,,,,,,,,,,,,,,,,,,,,,,
2026-01-19,1st,Juan Z.,Slitter,54353.0,3726,"Mylar 3""and 3.5""",LF,112000,168000,Set up and run,,,,,,,,,,,,,,,,,,,,,,,,,,,,,,,
2026-01-19,2nd,Antonio,D4,53857.0,7235,HARMAC PRTD DRAPE ASSEMBLY P3113231 REV.C  (ROW),EA,14000,16000,,,,,,,,,,,,,,,,,,,,,,,,,,,,,,,,
2026-01-19,2nd,Tandy,D2,53929.0,7487,Cardinal Health Adhesive dressing 2x4,CS,70,69,"Adhesive wrap up,bad material.",,,,,,,,,,,,,,,,,,,,,,,,,,,,,,,
2026-01-20,2nd,Antonio,D4,54387.0,7236,Harmac Prtd Drape assambly w/label ,EA,14000,10400,"Waitinig for material from warehouse, Set up and run",,,,,,,,,,,,,,,,,,,,,,,,,,,,,,,
2026-01-20,2nd,Felix/Antonio,D1,53927.0,3707,Telfa Pad Clear Sub,LF,23800,36400,,,,,,,,,,,,,,,,,,,,,,,,,,,,,,,,
2026-01-20,1st,Jesus,D2,53929.0,7487,Cardinal Health Adhesive dressing 2x4,CS,70,57,Out of sub 003707,,,,,,,,,,,,,,,,,,,,,,,,,,,,,,,
2026-01-20,1st,Salvador ,D4,53857.0,7235,HARMAC PRTD DRAPE ASSEMBLY P3113231 REV.C  (ROW),EA,14000,12000,JOB COMPLETED ,,,,,,,,,,,,,,,,,,,,,,,,,,,,,,,
2026-01-20,1st,Juan Z.,Slitter,53923.0,7417,"Cotton 3"" sub ",LF,112000,89600,Set up and run,,,,,,,,,,,,,,,,,,,,,,,,,,,,,,,
2026-01-20,2nd,Tandy,D3,53766.0,1017,Evans 2x3 dressing,EA,56000,48000,Problems with printer,,,,,,,,,,,,,,,,,,,,,,,,,,,,,,,
2026-01-21,1st,Faustino,D3,53766.0,1917,Evans 2x3 dressing,EA,56000,48000,Operator 1st time running this product,,,,,,,,,,,,,,,,,,,,,,,,,,,,,,,
2026-01-21,1st,Juan Z.,D1,53927.0,3707,Telfa Pad Clear Sub,LF,23800,,Only work 3 hrs,,,,,,,,,,,,,,,,,,,,,,,,,,,,,,,
2026-01-21,2nd OT,Felix/Alan,D1,53927.0,3707,Telfa Pad Clear Sub,LF,23800,36400,,,,,,,,,,,,,,,,,,,,,,,,,,,,,,,,
2026-01-21,2nd,Miguel,Slitter,53923.0,7417,"Cotton 3"" sub ",LF,112000,23800,Work for 2 hrs.,,,,,,,,,,,,,,,,,,,,,,,,,,,,,,,
2026-01-21,1st,Salvador ,D4,54387.0,7236,Harmac Prtd Drape assambly w/label ,EA,14000,10500,Machine down 2 hrs waiting for printed label,,,,,,,,,,,,,,,,,,,,,,,,,,,,,,,
2026-01-21,1st,Juan Z.,Scout,53541.0,6051,Harmac prtd label,LF,21000,10000,Only work 3 hrs,,,,,,,,,,,,,,,,,,,,,,,,,,,,,,,
2026-01-21,1st,Jesus,D2,53929.0,7487,Cardinal Health Adhesive dressing 2x4,CS,70,77,,,,,,,,,,,,,,,,,,,,,,,,,,,,,,,,
2026-01-21,2nd OT,Tandy/Felix,D3,53766.0,1017,Evans 2x3 dressing,EA,56000,78000,,,,,,,,,,,,,,,,,,,,,,,,,,,,,,,,
2026-01-21,2nd OT,Antonio,D4,54387.0,7236,Harmac Prtd Drape assambly w/label ,EA,14000,20000,,,,,,,,,,,,,,,,,,,,,,,,,,,,,,,,
2026-01-22,2nd,Miguel,Slitter,53923.0,7417,"Cotton 3"" sub ",Lf,112000,33600,Work for 2 hrs.,,,,,,,,,,,,,,,,,,,,,,,,,,,,,,,
2026-01-22,1st,Faustino,D3,53766.0,1917,Evans 2x3 dressing,EA,56000,47000,30 min down repad die and new operator,,,,,,,,,,,,,,,,,,,,,,,,,,,,,,,
2026-01-22,1st,Juan Z.,Slitter,53923.0,7417,"Cotton 3"" sub ",Lf,112000,56000,stop @ 9 AM,,,,,,,,,,,,,,,,,,,,,,,,,,,,,,,
2026-01-22,2nd OT,Felix,D1,53927.0,3707,Telfa Pad Clear Sub,LF,23800,26000,,,,,,,,,,,,,,,,,,,,,,,,,,,,,,,,
2026-01-22,2nd OT,Tandy/Antonio,D3,53766.0,1917,Evans 2x3 dressing,EA,56000,84000,,,,,,,,,,,,,,,,,,,,,,,,,,,,,,,,
2026-01-22,2nd,Miguel,Cuderm,53760.0,1920,Evan print random,EA,23000,5000,,,,,,,,,,,,,,,,,,,,,,,,,,,,,,,,
2026-01-22,1st,Salvador ,D4,54387.0,7236,Harmac Prtd Drape assambly w/label ,EA,14000,16000,Issues w/hole,,,,,,,,,,,,,,,,,,,,,,,,,,,,,,,
2026-01-22,1st,Jesus,D2,53929.0,7487,Cardinal Health Adhesive dressing 2x4,CS,70,52,Stop @ 11:30 am,,,,,,,,,,,,,,,,,,,,,,,,,,,,,,,
2026-01-22,1st,Juan Z.,Scout,53928.0,7544,"Cardinal Latex Warning Black 8.75"" Natural Latex",LF,42000,26400,set up and run,,,,,,,,,,,,,,,,,,,,,,,,,,,,,,,
2026-01-22,2nd,Antonio,D4,54387.0,7236,Harmac Prtd Drape assambly w/label ,EA,14000,12000,Stop to change order,,,,,,,,,,,,,,,,,,,,,,,,,,,,,,,
2026-01-22,2nd,Miguel,Scout,54681.0,7543,"Cardinal Pouching 8.75"" Adh Dressing Natural Latex",LF,42000,26240,,,,,,,,,,,,,,,,,,,,,,,,,,,,,,,,
2026-01-23,1st,Faustino,D3,53766.0,1917,Evans 2x3 dressing,EA,56000,6000,move job to the side to set up glory sun,,,,,,,,,,,,,,,,,,,,,,,,,,,,,,,
2026-01-23,1st,Juan Z.,Cuderm,53760.0,1920,Evan print random,EA,23000,40000,,,,,,,,,,,,,,,,,,,,,,,,,,,,,,,,
2026-01-23,2nd,Felix,Pace,54390.0,A-22004,5 site semi occlusive strip (sub),LF,37800,66400,Job Completed,,,,,,,,,,,,,,,,,,,,,,,,,,,,,,,
2026-01-23,2nd,Tandy,D3,54351.0,6145,Medline Glory/sun Safe secure,EA,20000,6000,Set up and run 4 hrs,,,,,,,,,,,,,,,,,,,,,,,,,,,,,,,
2026-01-23,1st,Jesus,D2,53929.0,7487,Cardinal Health Adhesive dressing 2x4,CS,70,69,job completed,,,,,,,,,,,,,,,,,,,,,,,,,,,,,,,
2026-01-23,2nd,Antonio,D4,53763.0,4978,Emed soft site Tegaderm dressing,EA,53766,1917,EMED  2.375 X 2.75 PRTD DRESS,,,,,,,,,,,,,,,,,,,,,,,,,,,,,,,
2026-01-23,2nd,Miguel,Preco,53797.0,4830,KCI Blue foam 13x13,EA,7560,6240,Set up and  run.,,,,,,,,,,,,,,,,,,,,,,,,,,,,,,,
2026-01-23,2nd,Tandy ,D3,54351.0,6145,Medline/glory sun safe secure,EA,31500,6100,Set up and run,,,,,,,,,,,,,,,,,,,,,,,,,,,,,,,
2026-01-27,1st,Esteban,D3,54351.0,6145,Medline/glory sun safe secure,EA,31500,15000,run 4 hrs,,,,,,,,,,,,,,,,,,,,,,,,,,,,,,,
2026-01-27,2nd,Antonio,D4,53763.0,4978,Emed soft site Tegaderm dressing,EA,35000,60250,,,,,,,,,,,,,,,,,,,,,,,,,,,,,,,,
2026-01-27,2nd,Miguel,D13,54672.0,4821,Harmac .75 Filter Punch P2998015,EA,91000,24800,Set  up und rub 4 hrs,,,,,,,,,,,,,,,,,,,,,,,,,,,,,,,
2026-01-27,2nd,Tandy,D3,54351.0,6145,Medline/glory sun safe secure,EA,31500,32000,,,,,,,,,,,,,,,,,,,,,,,,,,,,,,,,
2026-01-27,2nd ,Felix/Miguel,D1,54527.0,F-22004,5 Site simi-occlusive,SHT,4550,4000,"Set up and run,Job completed.",,,,,,,,,,,,,,,,,,,,,,,,,,,,,,,
2026-01-28,1st,Esteban/Jesus,D3,54351.0,6145,Medline/glory sun safe secure,EA,31500,36000,,,,,,,,,,,,,,,,,,,,,,,,,,,,,,,,
2026-01-28,1st,Roselia,Hand Pack,54351.0,6145,Medline/glory sun safe secure,EA,20000,24000,,,,,,,,,,,,,,,,,,,,,,,,,,,,,,,,
2026-01-28,1st,Salvador ,D4,53763.0,4978,Emed soft site Tegaderm dressing,EA,35000,55064,Start @ 6am,,,,,,,,,,,,,,,,,,,,,,,,,,,,,,,
2026-01-28,1st,Faustino,Pace,53227.0,5045,FREUDENBERG,EA,3000,6500,Set up and run,,,,,,,,,,,,,,,,,,,,,,,,,,,,,,,
2026-01-28,1st,Cecy,Impulse Sealer,53798.0,4907,"KCI ASSY, 15 X 15 FOAM POUCH 416921.S Rev. A",EA,,2700,,,,,,,,,,,,,,,,,,,,,,,,,,,,,,,,
2026-01-28,1st,Juan Z.,Cuderm,53760.0,1920,Emed Prtd liner,LF,,40000,,,,,,,,,,,,,,,,,,,,,,,,,,,,,,,,
2026-01-28,2nd,Tandy,D3,54351.0,6145,Medline/glory sun safe secure,EA,31500,14300,"3 hrs run,Job completed",,,,,,,,,,,,,,,,,,,,,,,,,,,,,,,
2026-01-28,2nd,Antonio,D4,53763.0,4978,Emed soft site Tegaderm dressing,EA,35000,45250,JOB COMPLETED,,,,,,,,,,,,,,,,,,,,,,,,,,,,,,,
2026-01-28,2nd Ot,Felix,Pace,53227.0,5045,FREUDENBERG,EA,3000,6300,,,,,,,,,,,,,,,,,,,,,,,,,,,,,,,,
2026-01-28,2nd,Miguel,D13,54672.0,4821,Harmac .75 Filter Punch P2998015,EA,91000,24800,"Job Completed,",,,,,,,,,,,,,,,,,,,,,,,,,,,,,,,
2026-01-28,2nd OT,Maria,Impulse Sealer,53798.0,4907,"KCI ASSY, 15 X 15 FOAM POUCH 416921.S Rev. A",EA,,2200,,,,,,,,,,,,,,,,,,,,,,,,,,,,,,,,
2026-01-28,2nd,Miguel,Preco,53797.0,4830,KCI Blue foam 13x13,EA,7560,2700,Run out of  material,,,,,,,,,,,,,,,,,,,,,,,,,,,,,,,
2026-01-29,1st,Faustino,Pace,53227.0,5045,FREUDENBERG,EA,3000,5780,JOB COMPLETED ON CONVERTING,,,,,,,,,,,,,,,,,,,,,,,,,,,,,,,
2026-01-29,1st,Roselia,Hand Pack,54351.0,6145,Medline/glory sun safe secure,EA,20000,30000,,,,,,,,,,,,,,,,,,,,,,,,,,,,,,,,
2026-01-29,1st,Juan Z.,Cuderm,53760.0,1920,Emed Prtd liner,EA,,45000,Job completed,,,,,,,,,,,,,,,,,,,,,,,,,,,,,,,
2026-01-29,1st,Jesus,D3,53766.0,1917,EMED  2.375 X 2.75 PRTD DRESS,LF,,30000,COMPLETE SET UP AND RUN,,,,,,,,,,,,,,,,,,,,,,,,,,,,,,,
2026-01-29,1st,Salvador ,D4,53490.0,4804,KCI  PREVENA,EA,,900,Set up and  run 2 HRS,,,,,,,,,,,,,,,,,,,,,,,,,,,,,,,
2026-01-29,2nd,Antonio,D4,53490.0,4804,KCI  PREVENA,EA,,3000,,,,,,,,,,,,,,,,,,,,,,,,,,,,,,,,
2026-01-29,2nd,Tandy ,D3,53766.0,1917,EMED  2.375 X 2.75 PRTD DRESS,EA,56000,30000,,,,,,,,,,,,,,,,,,,,,,,,,,,,,,,,
2026-01-30,2nd,Miguel,D13,54632.0,4671,Measurement Specialties Foam,EA,,4800,Job comoleted,,,,,,,,,,,,,,,,,,,,,,,,,,,,,,,
2026-01-30,1st,Roselia,Hand Pack,54351.0,6145,Medline/glory sun safe secure,EA,20000,30000,,,,,,,,,,,,,,,,,,,,,,,,,,,,,,,,
2026-01-30,1st,Salvador ,D4,53490.0,4804,KCI  PREVENA,EA,,1100,JOB COMPLETED ,,,,,,,,,,,,,,,,,,,,,,,,,,,,,,,
2026-01-30,1st,Jesus,D3,53766.0,1917,EMED  2.375 X 2.75 PRTD DRESS,LF,42000,30000,,,,,,,,,,,,,,,,,,,,,,,,,,,,,,,,
2026-01-30,1st,Cecy,Impulse Sealer,53798.0,4907,KCI Blue foam 13x13,EA,10000,10000,JOB COMPLETED,,,,,,,,,,,,,,,,,,,,,,,,,,,,,,,
2026-01-30,2nd,Tandy/Felix,D3,53766.0,1917,EMED  2.375 X 2.75 PRTD DRESS,EA,56000,60000,"Axis 6 fault,",,,,,,,,,,,,,,,,,,,,,,,,,,,,,,,
2026-01-30,2nd,Felix,D1,54527.0,F-22004,5 Site simi-occlusive,SHT,4550,8000,"Job completed, WAITING FOR CASES",,,,,,,,,,,,,,,,,,,,,,,,,,,,,,,
2026-01-30,2nd,Antonio,D4,54387.0,7236,Harmac Prtd Drape assambly w/label ,EA,14000,8000,Set up and run,,,,,,,,,,,,,,,,,,,,,,,,,,,,,,,
2026-01-30,2nd,Miguel,D13,54498.0,4582,Prevena Liner Print (sub),LF,14000,12500,Set up and  run.,,,,,,,,,,,,,,,,,,,,,,,,,,,,,,,
2026-01-31,1st,Jesus,D3,53766.0,1917,EMED  2.375 X 2.75 PRTD DRESS,EA,42000,48000,,,,,,,,,,,,,,,,,,,,,,,,,,,,,,,,
2026-02-02,1st,Jesus,D3,53766.0,1917,EMED  2.375 X 2.75 PRTD DRESS,EA,42000,48000,,,,,,,,,,,,,,,,,,,,,,,,,,,,,,,,
2026-02-02,1st,Salvador ,D4,54387.0,7236,HARMAC PRTD DRAPE ASSEMBLY W/LABEL - P3113251 Rev C.,EA,14000,4000,Machine down 9am to 1pm due to computer down,,,,,,,,,,,,,,,,,,,,,,,,,,,,,,,
2026-02-02,1st,Juan Z.,Slitter,54353.0,3726,"Mylar 3"" and 3.5"" SUB",LF,112000,270000,Stop @ 11:30am,,,,,,,,,,,,,,,,,,,,,,,,,,,,,,,
2026-02-02,2nd,Antonio,D4,54387.0,7236,Harmac Prtd Drape assambly w/label ,EA,14000,10000,run out of 7227,,,,,,,,,,,,,,,,,,,,,,,,,,,,,,,
2026-02-02,2nd,Tandy ,D3,53766.0,1917,EMED  2.375 X 2.75 PRTD DRESS,EA,56000,66000,,,,,,,,,,,,,,,,,,,,,,,,,,,,,,,,
2026-02-03,1st,Jesus,D3,53766.0,1917,EMED  2.375 X 2.75 PRTD DRESS,EA,42000,42000,,,,,,,,,,,,,,,,,,,,,,,,,,,,,,,,
2026-02-03,1st,Faustino,Pace,54388.0,4152,"McKESSON 61-82044 DRESSING, HYDROGEL SHEET STR LF",EA,5600,6000,Set up and run,,,,,,,,,,,,,,,,,,,,,,,,,,,,,,,
2026-02-03,1st,Juan Z.,Slitter,54353.0,3726,"Mylar 3"" and 3.5"" SUB",LF,112000,270000,,,,,,,,,,,,,,,,,,,,,,,,,,,,,,,,
2026-02-03,2nd,Miguel,Preco,52954.0,5342,ISI Large Alumi Hand 760,EA,2450,850,Set up and run,,,,,,,,,,,,,,,,,,,,,,,,,,,,,,,
2026-02-03,2nd,Tandy,D3,53766.0,1917,EMED  2.375 X 2.75 PRTD DRESS,EA,56000,18000,Job completed,,,,,,,,,,,,,,,,,,,,,,,,,,,,,,,
2026-02-03,2nd,Antonio,D4,54435.0,4804,KCI Peel and place Prevena Long (35CM),EA,2800,2100,"Set up,run 4.5 hrs",,,,,,,,,,,,,,,,,,,,,,,,,,,,,,,
2026-02-03,2nd,Felix,PCI 2,53341.0,6013,Medline Curad Medistrip 1x5 Non250501,EA,28000,15700,"Set up,run 4.5 hrs",,,,,,,,,,,,,,,,,,,,,,,,,,,,,,,
2026-02-04,1st,Salvador ,D4,54435.0,4804,KCI Peel and place Prevena Long (35CM),EA,2800,3000,,,,,,,,,,,,,,,,,,,,,,,,,,,,,,,,
2026-02-04,1st,Faustino,Pace,54388.0,4152,"McKESSON 61-82044 DRESSING, HYDROGEL SHEET STR LF",EA,5600,7000,,,,,,,,,,,,,,,,,,,,,,,,,,,,,,,,
2026-02-04,1st,Juan Z.,Scout,54647.0,6006,MEDLINE NON250501 MEDI-STRIPS 1X5 PRTD TYVEK 3.625,LF,,24300,Set up and run,,,,,,,,,,,,,,,,,,,,,,,,,,,,,,,
2026-02-04,2nd,Tandy/Antonio,D4,54435.0,4804,KCI Peel and place Prevena Long (35CM),EA,2800,3000,,,,,,,,,,,,,,,,,,,,,,,,,,,,,,,,
2026-02-04,2nd,Felix,PCI 2,53341.0,6013,Medline Curad Medistrip 1x5 Non250501,EA,28000,31300,,,,,,,,,,,,,,,,,,,,,,,,,,,,,,,,
2026-02-04,2nd,Miguel,Preco,52954.0,5342,ISI Large Alumi-Hand 760,EA,2450,2568,Work for 4 hrs then move to VPS,,,,,,,,,,,,,,,,,,,,,,,,,,,,,,,
2026-02-05,1st,Jesus,D4,54435.0,4804,KCI Peel and place Prevena Long (35CM),EA,2800,1800,Out of print liner,,,,,,,,,,,,,,,,,,,,,,,,,,,,,,,
2026-02-05,1st,Faustino,Delta Pack,53227.0,5045,FREUDENBERG,EA,3000,3200,Start @ 9am,,,,,,,,,,,,,,,,,,,,,,,,,,,,,,,
2026-02-05,1st,Faustino,Pace,54388.0,4152,"McKESSON 61-82044 DRESSING, HYDROGEL SHEET STR LF",EA,5600,2340,stop @ 8:30am to run delta pack,,,,,,,,,,,,,,,,,,,,,,,,,,,,,,,
2026-02-05,1st,Juan Z.,Scout,54647.0,6006,MEDLINE NON250501 MEDI-STRIPS 1X5 PRTD TYVEK 3.625,LF,,7000,job completed,,,,,,,,,,,,,,,,,,,,,,,,,,,,,,,
2026-02-05,1st,Juan Z.,Scout,53759.0,4980,Emed Prtd liner,LF,,29900,set up and run 4 hrs,,,,,,,,,,,,,,,,,,,,,,,,,,,,,,,
2026-02-05,2nd,Felix,PCI 2,53341.0,6013,Medline Curad Medistrip 1x5 Non250501,EA,28000,6400,Job completed.,,,,,,,,,,,,,,,,,,,,,,,,,,,,,,,
2026-02-05,2nd,Tandy,D4,54435.0,4804,KCI Peel and place Prevena Long (35CM),EA,2800,1500,waiting for material,,,,,,,,,,,,,,,,,,,,,,,,,,,,,,,
2026-02-05,2nd,Felix,PCI 2,54629.0,6011,Medline Curad Medistrip 1/4x4 IN Sterile Non 250414,EA,56000,9800,Set up and run 2 hrs.,,,,,,,,,,,,,,,,,,,,,,,,,,,,,,,
2026-02-05,2nd OT,Antonio,D3,54518.0,3958,Harmac Filter Disc P3113306 REV E,EA,91000,117000,,,,,,,,,,,,,,,,,,,,,,,,,,,,,,,,
2026-02-05,2nd OT,Miguel,D13,54498.0,4582,Prevena Liner Print (sub),LF,14000,27590,"Job Completed,Need to close order and break down set up.",,,,,,,,,,,,,,,,,,,,,,,,,,,,,,,
2026-02-05,1st,Faustino,Delta Pack,53227.0,5045,FREUDENBERG,EA,3000,3200,Start @ 9am,,,,,,,,,,,,,,,,,,,,,,,,,,,,,,,
2026-02-05,1st,Faustino,Pace,54388.0,4152,"McKESSON 61-82044 DRESSING, HYDROGEL SHEET STR LF",EA,5600,4460,,,,,,,,,,,,,,,,,,,,,,,,,,,,,,,,
2026-02-06,1st,Jesus,D4,54435.0,4804,KCI Peel and place Prevena Long (35CM),EA,2800,"15,00",Just work 4 hrs,,,,,,,,,,,,,,,,,,,,,,,,,,,,,,,
2026-02-06,1st,Faustino,Pace,54388.0,4152,"McKESSON 61-82044 DRESSING, HYDROGEL SHEET STR LF",EA,5600,4460,Start @ 9am,,,,,,,,,,,,,,,,,,,,,,,,,,,,,,,
2026-02-06,1st,Cecy,Impulse Sealer,52954.0,5342,ISI Large Alumi-Hand 760,EA,,1575,,,,,,,,,,,,,,,,,,,,,,,,,,,,,,,,
2026-02-06,1st,Juan Z.,Scout,53759.0,4980,Emed Prtd liner,LF,,18000,,,,,,,,,,,,,,,,,,,,,,,,,,,,,,,,
2026-02-06,1st,Juan Z.,Scout,54628.0,7145,PURGE MEDLINE 1/4 X 4 PRTD TYVEK NON250414  8.75,LF,,13400,,,,,,,,,,,,,,,,,,,,,,,,,,,,,,,,
2026-02-06,1st,Som,C2,53341.0,6013,Medline Curad Medistrip 1x5 Non250501,EA,,19400,Set up and run,,,,,,,,,,,,,,,,,,,,,,,,,,,,,,,
2026-02-06,1st,Faustino,Delta Pack,53227.0,5045,FREUDENBERG,EA,3000,5300,,,,,,,,,,,,,,,,,,,,,,,,,,,,,,,,
2026-02-06,2nd,Antonio,D3,54518.0,3958,Harmac Filter Disc P3113306 REV E,EA,91000,81000,Job completed/WE NEED PACK,,,,,,,,,,,,,,,,,,,,,,,,,,,,,,,
2026-02-06,2nd,Felix,PCI 2,54629.0,6011,Medline Curad Medistrip 1/4x4 IN Sterile Non 250414,EA,56000,35200,,,,,,,,,,,,,,,,,,,,,,,,,,,,,,,,
2026-02-06,2nd,Tandy,D4,54435.0,4804,KCI Peel and place Prevena Long (35CM),EA,2800,2400,Web break.,,,,,,,,,,,,,,,,,,,,,,,,,,,,,,,
2026-02-06,2nd,Miguel,Preco,52954.0,5342,ISI Large Alumi-Hand 760,EA,2450,2638,,,,,,,,,,,,,,,,,,,,,,,,,,,,,,,,
2026-02-07,1st,Som,C2,53341.0,6013,Medline Curad Medistrip 1x5 Non250501,CS,105,150,,,,,,,,,,,,,,,,,,,,,,,,,,,,,,,,
2026-02-07,1st,Roselia,impulse Sealer,54388.0,4152,"McKESSON 61-82044 DRESSING, HYDROGEL SHEET STR LF",EA,,5400,,,,,,,,,,,,,,,,,,,,,,,,,,,,,,,,
2026-02-07,1st,Cecy,Impulse Sealer,52954.0,5342,ISI Large Alumi-Hand 760,EA,,1800,,,,,,,,,,,,,,,,,,,,,,,,,,,,,,,,
2026-02-09,1st,Salvador,D4,54435.0,4804,KCI Peel and place Prevena Long (35CM),EA,2800,1800,Beginning shift issues w/web 2 hrs fixing the problem,,,,,,,,,,,,,,,,,,,,,,,,,,,,,,,
2026-02-09,1st,Faustino,C2,53341.0,6013,Medline Curad Medistrip 1x5 Non250501,CS,105,37,JOB COMPLETED,,,,,,,,,,,,,,,,,,,,,,,,,,,,,,,
2026-02-09,1st,Faustino,Delta Pack,53227.0,5045,FREUDENBERG,EA,3000,3400,START RUN AFTER COMPLETE C2,,,,,,,,,,,,,,,,,,,,,,,,,,,,,,,
2026-02-09,1st,Roselia,impulse Sealer,54388.0,4152,"McKESSON 61-82044 DRESSING, HYDROGEL SHEET STR LF",EA,,0,Just filling poches,,,,,,,,,,,,,,,,,,,,,,,,,,,,,,,
2026-02-09,1st,Cecy,Impulse Sealer,52954.0,5342,ISI Large Alumi-Hand 760,EA,,810,OUT OF SUB,,,,,,,,,,,,,,,,,,,,,,,,,,,,,,,
2026-02-09,1st,Juan Z.,Scout,53759.0,4980,Emed Prtd liner,LF,,24000,JOB COMPLETED,,,,,,,,,,,,,,,,,,,,,,,,,,,,,,,
2026-02-09,1st,Juan Z.,Slitter,54353.0,3726,"Mylar 3"" and 3.5"" SUB",LF,112000,60000,JUST RUN 3 HRS,,,,,,,,,,,,,,,,,,,,,,,,,,,,,,,
2026-02-09,1st,Jesus,Pace,54388.0,4152,"McKESSON 61-82044 DRESSING, HYDROGEL SHEET STR LF",EA,5600,5400,,,,,,,,,,,,,,,,,,,,,,,,,,,,,,,,
2026-02-09,2nd,Antonio/AlAN,Delta Pack,54227.0,5045,Freudenburg,EA,3000,5500,,,,,,,,,,,,,,,,,,,,,,,,,,,,,,,,
2026-02-09,2nd,Tandy,D4,54435.0,4804,KCI Peel and Place Prevena Long (35cm),EA,2800,2100,Problems with wrinkle and web break.,,,,,,,,,,,,,,,,,,,,,,,,,,,,,,,
2026-02-09,2nd,Felix,PCI 2,54629.0,6011,Medline Curad Medistrip 1/4 x 4IN  Sterile NON 250414,EA,56000,29500,,,,,,,,,,,,,,,,,,,,,,,,,,,,,,,,
2026-02-09,2nd,Ladies,impulse Sealer,54388.0,4152,"McKESSON 61-82044 DRESSING, HYDROGEL SHEET STR LF",EA,,3500,Pauch and seal only,,,,,,,,,,,,,,,,,,,,,,,,,,,,,,,
2026-02-10,1st,Jesus,D4,54435.0,4804,KCI Peel and place Prevena Long (35CM),EA,2800,800,JOB COMPLETED,,,,,,,,,,,,,,,,,,,,,,,,,,,,,,,
2026-02-10,1st,Faustino,Delta Pack,53227.0,5045,FREUDENBERG,EA,3000,5500,,,,,,,,,,,,,,,,,,,,,,,,,,,,,,,,
2026-02-10,1st,Roselia,impulse Sealer,54388.0,4152,"McKESSON 61-82044 DRESSING, HYDROGEL SHEET STR LF",EA,3000,3000,seal only,,,,,,,,,,,,,,,,,,,,,,,,,,,,,,,
2026-02-10,1st,Cecy,Impulse Sealer,52954.0,5342,ISI Large Alumi-Hand 760,EA,,1305,,,,,,,,,,,,,,,,,,,,,,,,,,,,,,,,
2026-02-10,1st,Juan Z.,PCI 2,54629.0,6011,Medline Curad Medistrip 1/4x4 IN Sterile Non 250414,EA,56000,56350,,,,,,,,,,,,,,,,,,,,,,,,,,,,,,,,
2026-02-10,1st,Manuela Amaya,Hand Pack,54518.0,3958,Harmac Filter Disc P3113306 REV E,EA,91000,207000,JOB COMPLETED,,,,,,,,,,,,,,,,,,,,,,,,,,,,,,,
2026-02-10,1st,Faustino,Pace,54388.0,4152,"McKESSON 61-82044 DRESSING, HYDROGEL SHEET STR LF",EA,5600,1000,only work 1 hr,,,,,,,,,,,,,,,,,,,,,,,,,,,,,,,
2026-02-10,2nd,Antonio,Delta Pack,54227.0,5045,Freudenburg,EA,3000,3150,Job completed,,,,,,,,,,,,,,,,,,,,,,,,,,,,,,,
2026-02-10,2nd,Felix,PCI 2,54629.0,6011,Medline Curad Medistrip 1/4x4 IN Sterile Non 250414,EA,56000,8200,Job completed,,,,,,,,,,,,,,,,,,,,,,,,,,,,,,,
2026-02-10,2nd,Antonio,C2,54629.0,6011,Medline Curad Medistrip 1/4 x 4IN  Sterile NON 250414,CS,150,11,"Adjusting set up,issues with printer,and seals.",,,,,,,,,,,,,,,,,,,,,,,,,,,,,,,
2026-02-11,1st,Boon,C2,54629.0,6011,Medline Curad Medistrip 1/4 x 4IN  Sterile NON 250414,CS,150,134,,,,,,,,,,,,,,,,,,,,,,,,,,,,,,,,
2026-02-11,1st,Faustino,Pace,54388.0,4152,"McKESSON 61-82044 DRESSING, HYDROGEL SHEET STR LF",EA,5600,2000,Stop @ 8:30am to run ISI,,,,,,,,,,,,,,,,,,,,,,,,,,,,,,,
2026-02-11,1st,Jesus/Salvador,D3,54394.0,1674,BI OVERLAY # 2 - ITALY,EA,143500,121000,Set up and run,,,,,,,,,,,,,,,,,,,,,,,,,,,,,,,
2026-02-11,1st,Roselia,impulse Sealer,54388.0,4152,"McKESSON 61-82044 DRESSING, HYDROGEL SHEET STR LF",EA,3000,3400,seal only,,,,,,,,,,,,,,,,,,,,,,,,,,,,,,,
2026-02-11,1st,Faustino,Pace,54837.0,5344,"10.0"" Qycell T-20 Blue Foam with adhesive", LF,,1950,Set up and run,,,,,,,,,,,,,,,,,,,,,,,,,,,,,,,
2026-02-11,1st,Juan Z.,PCI 2,53978.0,610,MEDISTRIP 1 IN X 4 IN BULK,EA,,18,"SET UP AND RUN, JOB COMPLETED",,,,,,,,,,,,,,,,,,,,,,,,,,,,,,,
2026-02-11,2ND,Antonio,C2,54629.0,6011,Medline Curad Medistrip 1/4 x 4IN  Sterile NON 250414,CS,150,88,Many empy and traps new ladies.,,,,,,,,,,,,,,,,,,,,,,,,,,,,,,,
2026-02-11,2nd,Miguel,Preco,52954.0,5342,ISI Large Alumi-Hand 760,EA,2450,680,Run out of aluminium.,,,,,,,,,,,,,,,,,,,,,,,,,,,,,,,
2026-02-11,2nd,AJosefine,Impulse SEaler,52954.0,5342,ISI Large Alumi-Hand 760,EA,,315,,,,,,,,,,,,,,,,,,,,,,,,,,,,,,,,
2026-02-11,2nd,Miguel,D3,54394.0,1674,BI Overlay #2 - Italy,EA,143500,11300,Work for 1 hr,,,,,,,,,,,,,,,,,,,,,,,,,,,,,,,
2026-02-12,1st,Boon/Som,C2,54629.0,6011,Medline Curad Medistrip 1/4 x 4IN  Sterile NON 250414,CS,150,108,,,,,,,,,,,,,,,,,,,,,,,,,,,,,,,,
2026-02-12,1st,Faustino,Pace,54388.0,4152,"McKESSON 61-82044 DRESSING, HYDROGEL SHEET STR LF",EA,5600,8000,,,,,,,,,,,,,,,,,,,,,,,,,,,,,,,,
2026-02-12,1st,Roselia,impulse Sealer,54388.0,4152,"McKESSON 61-82044 DRESSING, HYDROGEL SHEET STR LF",EA,3000,3700,,,,,,,,,,,,,,,,,,,,,,,,,,,,,,,,
2026-02-12,1st,Cecy,Impulse Sealer,52954.0,5342,ISI Large Alumi-Hand 760,EA,,345,JOB COMPLETED,,,,,,,,,,,,,,,,,,,,,,,,,,,,,,,
2026-02-12,1st,Salvador,D3,54393.0,1673,BI OVERLAY # 21- ITALY,EA,143500,166000,Set up and run,,,,,,,,,,,,,,,,,,,,,,,,,,,,,,,
2026-02-12,1st,Juan ,PCI 2,53977.0,609,MEDISTRIP 1/4 IN 3 IN BULK,CS,51,51,JOB COMPLETE,,,,,,,,,,,,,,,,,,,,,,,,,,,,,,,
2026-02-12,2nd,Felx,D3,54393.0,1673,BI OVERLAY # 2 - ITALY,EA,143500,10800,"Operator have issues running the product,.",,,,,,,,,,,,,,,,,,,,,,,,,,,,,,,
2026-02-12,2nd,Antonio,DP,53933.0,6039,Medline Suresite 4x4.75 MSC2304,BX,483,384,Set up and run,,,,,,,,,,,,,,,,,,,,,,,,,,,,,,,
2026-02-13,1st,Salvador ,D4,53866.0,7235,HARMAC PRTD DRAPE ASSEMBLY ,EA,14000,6000,Set up and run,,,,,,,,,,,,,,,,,,,,,,,,,,,,,,,
2026-02-13,1st,Faustino,DP,53933.0,6039,Medline Suresite 4x4.75 MSC2304,BX,483,324,"Job completed, wrinckle issues",,,,,,,,,,,,,,,,,,,,,,,,,,,,,,,
2026-02-13,1st,Jesus,Pace,54388.0,4152,"McKESSON 61-82044 DRESSING, HYDROGEL SHEET STR LF",EA,5600,7830,,,,,,,,,,,,,,,,,,,,,,,,,,,,,,,,
2026-02-13,1st,Roselia,impulse Sealer,54388.0,4152,"McKESSON 61-82044 DRESSING, HYDROGEL SHEET STR LF",EA,3000,3100,,,,,,,,,,,,,,,,,,,,,,,,,,,,,,,,
2026-02-13,1st,Juan ,PCI 2,53646.0,6008,MEDISTRIP 1/4 IN x 1.5 ,CS,51,30900,Set up and run,,,,,,,,,,,,,,,,,,,,,,,,,,,,,,,
2026-02-13,2nd,Antonio,C2,54646.0,6008,Medline Curad Medistrip 1/4 x3,CS,,86,Problems with printer .,,,,,,,,,,,,,,,,,,,,,,,,,,,,,,,
2026-02-13,2nd,Miguel,Scoout,54645.0,7143,Pure medline 1/4 x 1.5 Printed tyvek,LF,14000,1300,Job completed,,,,,,,,,,,,,,,,,,,,,,,,,,,,,,,
2026-02-13,2nd,Miguel,D3,54393.0,1673,BI OVERLAY # 2 - ITALY,EA,143500,113400,"Fixing set up, and run for 3 hrs",,,,,,,,,,,,,,,,,,,,,,,,,,,,,,,
2026-02-13,2nd,Felix,Pace,54388.0,4152,"McKESSON 61-82044 DRESSING, HYDROGEL SHEET STR LF",EA,5600,1100,Job completed,,,,,,,,,,,,,,,,,,,,,,,,,,,,,,,
2026-02-14,1st,Ladies,Impulse sealer,54388.0,4152,"Mckesson 61-82044 Dressing, Hydrogel Sheet STR LF",EA,3000,4400,,,,,,,,,,,,,,,,,,,,,,,,,,,,,,,,
2026-02-14,1st,Som,C2,54646.0,6008,Medline Curad Medistrip 1/4 x3,CS,,28,Problems with printer.  out of PN 007153 (tyvek),,,,,,,,,,,,,,,,,,,,,,,,,,,,,,,
2026-02-16,1st,Salvador ,D4,53866.0,7235,HARMAC PRTD DRAPE ASSEMBLY ,EA,14000,12000,Issues w/ material 005403,,,,,,,,,,,,,,,,,,,,,,,,,,,,,,,
2026-02-16,1st,Jesus,D3,54393.0,1673,BI OVERLAY # 2 - ITALY,EA,143500,150000,JOB COMPLETED,,,,,,,,,,,,,,,,,,,,,,,,,,,,,,,
2026-02-16,1st,Faustino,C2,,6008,Medline Curad Medistrip 1/4 x3,CS,,28,JOB COMPLETED,,,,,,,,,,,,,,,,,,,,,,,,,,,,,,,
2026-02-16,1st,Ladies,Impulse sealer,54388.0,4152,"Mckesson 61-82044 Dressing, Hydrogel Sheet STR LF",EA,3000,6520,,,,,,,,,,,,,,,,,,,,,,,,,,,,,,,,
2026-02-16,1st,Juan ,scout,54645.0,7143,Pure medline 1/4 x 1.5 Printed tyvek,LF,14000,3450,Job completed,,,,,,,,,,,,,,,,,,,,,,,,,,,,,,,
2026-02-16,2nd,Antonio,D4,53866.0,7235,HARMAC PRTD DRAPE ASSEMBLY ,EA,14000,8000,Stop to run C2,,,,,,,,,,,,,,,,,,,,,,,,,,,,,,,
2026-02-16,2nd,Antonio,C2,54173.0,5005,Implus skin Blister Pads 474200,EA,,9500,Problems with printer,,,,,,,,,,,,,,,,,,,,,,,,,,,,,,,
2026-02-16,2nd,Felix,D13,54535.0,f-22007,AMA 2x 200'' Roll Seme-occlusive,LF,7000,2430,,,,,,,,,,,,,,,,,,,,,,,,,,,,,,,,
2026-02-16,1st,Juan ,scout,54778.0,7543,"Cardinal Pouching 8.75"" Adh Dressing Natural Latex",LF,14000,65480,,,,,,,,,,,,,,,,,,,,,,,,,,,,,,,,
2026-02-17,1st,Salvador ,D4,53866.0,7235,HARMAC PRTD DRAPE ASSEMBLY ,EA,14000,16000,,,,,,,,,,,,,,,,,,,,,,,,,,,,,,,,
2026-02-17,1st,Faustino,C2,54173.0,5005,Implus skin Blister Pads 474200,EA,,14200,Problems with printer and rewind packaging rolls to loose,,,,,,,,,,,,,,,,,,,,,,,,,,,,,,,
2026-02-17,1st,Ladies,Impulse sealer,54388.0,4152,"Mckesson 61-82044 Dressing, Hydrogel Sheet STR LF",EA,3000,4500,,,,,,,,,,,,,,,,,,,,,,,,,,,,,,,,
2026-02-17,2nd,Felix/Alan,D13,54535.0,F-22007,AMA 2x200 Roll Semi-Occlusive,LF,7000,6450,,,,,,,,,,,,,,,,,,,,,,,,,,,,,,,,
2026-02-17,2nd,Antonio,D4,53866.0,7235,HARMAC PRTD DRAPE ASSEMBLY ,EA,14000,8000,4 hrs then work on C2,,,,,,,,,,,,,,,,,,,,,,,,,,,,,,,
2026-02-18,2nd OT,Boon/Antonio,C2,54173.0,5005,Implus Skin Blister Pads 474200,CTN,,5268,"45,500 Run in Bins",,,,,,,,,,,,,,,,,,,,,,,,,,,,,,,
2026-02-18,2nd,Ladies,impulse Sealer,54388.0,4152,"McKESSON 61-82044 DRESSING, HYDROGEL SHEET STR LF",EA,3000,2400,,,,,,,,,,,,,,,,,,,,,,,,,,,,,,,,
2026-02-18,1st,Salvador ,D4,53866.0,7235,HARMAC PRTD DRAPE ASSEMBLY ,EA,14000,18000,,,,,,,,,,,,,,,,,,,,,,,,,,,,,,,,
2026-02-18,1st,Faustino,C2,54173.0,5005,Implus skin Blister Pads 474200,CTN,,1644,"Completed, just need pack",,,,,,,,,,,,,,,,,,,,,,,,,,,,,,,
2026-02-18,1st,Ladies,Impulse sealer,54388.0,4152,"Mckesson 61-82044 Dressing, Hydrogel Sheet STR LF",EA,3000,3200,,,,,,,,,,,,,,,,,,,,,,,,,,,,,,,,
2026-02-18,2nd,Felix,D1,54643.0,3707,Telfa pad Clear sub,LF,23800,36000,,,,,,,,,,,,,,,,,,,,,,,,,,,,,,,,
2026-02-18,2nd,Ladies,impulse Sealer,54388.0,4152,"McKESSON 61-82044 DRESSING, HYDROGEL SHEET STR LF",EA,3000,1840,,,,,,,,,,,,,,,,,,,,,,,,,,,,,,,,
2026-02-18,2nd,Ladies,C2,54173.0,5005,Implus Skin Blister Pads 474200,CTN,,2628,,,,,,,,,,,,,,,,,,,,,,,,,,,,,,,,
2026-02-18,2nd,Antonio,D2,54637.0,7486,Cardinal Health Telfa Adhesive dressing 3x4,CS,60,21,Set up and run ,,,,,,,,,,,,,,,,,,,,,,,,,,,,,,,
2026-02-19,2nd OT,Antonio,D2,54637.0,7486,Cardinal Health Telfa Adhesive Dressing 3x 4,CS,60,90,,,,,,,,,,,,,,,,,,,,,,,,,,,,,,,,
2026-02-19,2nd,Miguel,Slitter,53926.0,7417,Cotton 3'' sub,LF,112000,44800,Stop to run D13,,,,,,,,,,,,,,,,,,,,,,,,,,,,,,,
2026-02-19,2nd,Miguel,D13,54536.0,F-22008,AMA 2x200 Roll Semi-Occlusive,LF,7000,6800,Set up and run,,,,,,,,,,,,,,,,,,,,,,,,,,,,,,,
2026-02-19,2nd OT,Felix,D1,54643.0,3707,Telfa Pad Clear Sub,LF,23800,28800,,,,,,,,,,,,,,,,,,,,,,,,,,,,,,,,
2026-02-19,2nd,ladies,Impulse sealer,54388.0,4152,"Mckesson 61-82044 Dressing, Hydrogel Sheet STR LF",EA,3000,1800,On Bins,,,,,,,,,,,,,,,,,,,,,,,,,,,,,,,
2026-02-19,2nd,ladies,C2,54173.0,5005,Implus skin Blister Pads 474200,EA,,1344,,,,,,,,,,,,,,,,,,,,,,,,,,,,,,,,
2026-02-20,2nd,Felix,D3,54497.0,3752,MPM 4X5THIN FILM DRESSING STERILE MP00470,CS,28000,12000,4 Hrs,,,,,,,,,,,,,,,,,,,,,,,,,,,,,,,
2026-02-20,2nd,Miguel,Sliter,53926.0,7417,Cotton 3'' sub,LF,112000,110600,,,,,,,,,,,,,,,,,,,,,,,,,,,,,,,,
2026-02-20,2nd,Alan,D1,54643.0,3707,Telfa pad Clear sub,LF,23800,28800,,,,,,,,,,,,,,,,,,,,,,,,,,,,,,,,
2026-02-20,2nd,Felix,D3,54497.0,3752,MPM 4X5THIN FILM DRESSING STERILE MP00470,CS,28000,12000,4 Hrs,,,,,,,,,,,,,,,,,,,,,,,,,,,,,,,
2026-02-20,2nd,Ladies,C2,54173.0,5005,Implus Skin Blister Pads 474200,CTN,,1128,Job completed,,,,,,,,,,,,,,,,,,,,,,,,,,,,,,,
2026-02-20,2nd,Miguel,Sliter,53926.0,7417,Cotton 3'' sub,LF,112000,110600,,,,,,,,,,,,,,,,,,,,,,,,,,,,,,,,
2026-02-23,1st,Boon,D2,54637.0,7486,Cardinal Health Telfa Adhesive Dressing 3x 4,CS,70,78,,,,,,,,,,,,,,,,,,,,,,,,,,,,,,,,
2026-02-23,1st,Jesus,D2,54637.0,7486,Cardinal Health Telfa Adhesive dressing 3x4,CS,70,75,,,,,,,,,,,,,,,,,,,,,,,,,,,,,,,,
2026-02-23,1st,Salvador ,D4,53866.0,7235,HARMAC PRTD DRAPE ASSEMBLY ,EA,14000,20000,,,,,,,,,,,,,,,,,,,,,,,,,,,,,,,,
2026-02-23,1st,Juan ,scout,54782.0,7544,"Cardinal Pouching 8.75"" Adh Dressing Natural Latex",LF,14000,78720,,,,,,,,,,,,,,,,,,,,,,,,,,,,,,,,
2026-02-23,2nd ,Tandy,D2,54637.0,7486,Cardinal Health Telfa Adhesive Dressing 3x 4,CS,60,20,"Run out of material ,Job closed short 510 cs completed",,,,,,,,,,,,,,,,,,,,,,,,,,,,,,,
2026-02-23,1st,Juan ,scout,54782.0,7544,"Cardinal Pouching 8.75"" Adh Dressing Natural Latex",LF,14000,78720,,,,,,,,,,,,,,,,,,,,,,,,,,,,,,,,
2026-02-23,2nd,Felix,D1,54643.0,3707,Telfa pad Clear sub,LF,32800,36000,,,,,,,,,,,,,,,,,,,,,,,,,,,,,,,,
2026-02-23,2nd,Antonio,D4,53866.0,7235,HARMAC PRTD DRAPE ASSEMBLY ,EA,14000,8000,Run Out of Material.,,,,,,,,,,,,,,,,,,,,,,,,,,,,,,,
2026-02-23,2nd,Miguel,Slitetr,53926.0,7415,Cotton 3'' Sub,LF,112000,121800,,,,,,,,,,,,,,,,,,,,,,,,,,,,,,,,
2026-02-23,2nd,tandy,D2,55036.0,7486,Cardinal Health Telfa Adhesive dressing 3x4,CS,60,22,,,,,,,,,,,,,,,,,,,,,,,,,,,,,,,,
2026-02-23,2nd ,Felix,D1,54643.0,3707,Telfa Pad Clear Sub,LF,23800,36000,,,,,,,,,,,,,,,,,,,,,,,,,,,,,,,,
2026-02-23,2nd,Tandy,D2,55036.0,7486,Cardinal Health Telfa Adhesive dressing 3x4,CS,60,22,"Issues with new material, Antonio helping.",,,,,,,,,,,,,,,,,,,,,,,,,,,,,,,
2026-02-24,1st,Faustino,D1,54643.0,3707,Telfa pad Clear sub,LF,23800,38000,,,,,,,,,,,,,,,,,,,,,,,,,,,,,,,,
2026-02-24,1st,Juan ,scout,54778.0,7543,"Cardinal Pouching 8.75"" Adh Dressing Natural Latex",LF,14000,52480,,,,,,,,,,,,,,,,,,,,,,,,,,,,,,,,
2026-02-24,1st,Esteban,D3,54497.0,3752,MPM 4X5THIN FILM DRESSING STERILE MP00470,CS,,88,,,,,,,,,,,,,,,,,,,,,,,,,,,,,,,,
2026-02-25,2nd OT,Felix,D3,54497.0,3752,MPM 4x5 THIN FILM DRESSING STERILE MP00470,CS,140,160,,,,,,,,,,,,,,,,,,,,,,,,,,,,,,,,
2026-02-25,1st,Cecy,Doboy,54078.0,3424,"MPM Cool Magic Gel Sheet 6.0""x8.0"" OL MP00208",EA,1750,3000,,,,,,,,,,,,,,,,,,,,,,,,,,,,,,,,
2026-02-25,1st,Jesus,D2,54636.0,7488,"CARDINAL HEALTH TELFA NON-ADHERENT DRESSING 3""x4""",CS,35,26,Problem whit print,,,,,,,,,,,,,,,,,,,,,,,,,,,,,,,
2026-02-25,1st,Esteban,D3,54497.0,3752,MPM 4X5THIN FILM DRESSING STERILE MP00470,CS,,36,,,,,,,,,,,,,,,,,,,,,,,,,,,,,,,,
2026-02-25,1st,Salvador ,D4,54764.0,4978,EMED SOFT-SITE TEGADERM DRESSING 112X51MM  MS-0010,EA,35000,18750,sep up run,,,,,,,,,,,,,,,,,,,,,,,,,,,,,,,
2026-02-25,2nd,Maria S,Rewinder,54535.0,F-22007,AMA 2x200 Roll Semi-Occlusive,RL,,38,JOB COMPLETES,,,,,,,,,,,,,,,,,,,,,,,,,,,,,,,
2026-02-25,2nd,Maria S,Rewinder,54536.0,F-22008,AMA 2x200 Roll Semi-Occlusive,RL,,39,JOB COMPLETED,,,,,,,,,,,,,,,,,,,,,,,,,,,,,,,
2026-02-25,1st,Juan ,scout,54783.0,7545,"Cardinal Pouching 8.75"" Non-Adh Dressing Natural L",LF,14000,77600,,,,,,,,,,,,,,,,,,,,,,,,,,,,,,,,
2026-02-25,2nd,Antonio,C2,54393.0,1673,BI OVERLAY # 2 - ITALY,EA,,88000,,,,,,,,,,,,,,,,,,,,,,,,,,,,,,,,
2026-02-25,2nd,Felix,D3,54528.0,6039,Medline Suresite 4x4.75 MSC2304,BOX,630,480,"Waiting for material,.",,,,,,,,,,,,,,,,,,,,,,,,,,,,,,,
2026-02-25,2nd,Tandy,D2,54636.0,7488,CARDINAL HEALTH TELFA NON-ADHERENT DRESSING 3''X4'',CS,36,41,,,,,,,,,,,,,,,,,,,,,,,,,,,,,,,,
2026-02-26,1st,Salvador ,D4,54764.0,4978,EMED SOFT-SITE TEGADERM DRESSING 112X51MM  MS-0010,EA,35000,43750,,,,,,,,,,,,,,,,,,,,,,,,,,,,,,,,
2026-02-26,1st,Jesus,D2,54636.0,7488,"CARDINAL HEALTH TELFA NON-ADHERENT DRESSING 3""x4""",CS,35,38,,,,,,,,,,,,,,,,,,,,,,,,,,,,,,,,
2026-02-26,1st,Esteban,D3,54528.0,6039,Medline Suresite 4x4.75 MSC2304,BOX,630,240,Stop @ 9am,,,,,,,,,,,,,,,,,,,,,,,,,,,,,,,
2026-02-26,1st,Cecy,Doboy,54078.0,3424,"MPM Cool Magic Gel Sheet 6.0""x8.0"" OL MP00208",EA,,2640,,,,,,,,,,,,,,,,,,,,,,,,,,,,,,,,
2026-02-26,1st,Faustino,C2,54393.0,1673,BI OVERLAY # 2 - ITALY,EA,,60000,"paper issues, miss print",,,,,,,,,,,,,,,,,,,,,,,,,,,,,,,
2026-02-25,1st,Juan ,scout,54783.0,7545,"Cardinal Pouching 8.75"" Non-Adh Dressing Natural L",LF,14000,52480,,,,,,,,,,,,,,,,,,,,,,,,,,,,,,,,
2026-02-25,1st,Juan ,scout,54782.0,7544,"Cardinal Pouching 8.75"" Adh Dressing Natural Latex",LF,14000,26240,,,,,,,,,,,,,,,,,,,,,,,,,,,,,,,,
2026-02-26,2nd,Felix,D3,54528.0,6039,Medline Suresite 4x4.75 MSC2304,BOX,630,300,Job completed,,,,,,,,,,,,,,,,,,,,,,,,,,,,,,,
2026-02-26,2nd,Felix,D3,54529.0,2977,Medline Suresite 4x4.75 Bulk,CS,21,3,Set up and run,,,,,,,,,,,,,,,,,,,,,,,,,,,,,,,
2026-02-26,2nd,Antonio,C2,54393.0,1673,BI OVERLAY # 2 - ITALY,EA,70000,92000,,,,,,,,,,,,,,,,,,,,,,,,,,,,,,,,
2026-02-26,2nd,Miguel,Slitter,53926.0,7415,Cotton 3'' Sub,LF,112000,88900,,,,,,,,,,,,,,,,,,,,,,,,,,,,,,,,
2026-02-26,21nd,Tandy,D2,54636.0,7488,CARDINAL HEALTH TELFA NON-ADHERENT DRESSING 3''X4'',CS,36,33,,,,,,,,,,,,,,,,,,,,,,,,,,,,,,,,
2026-02-27,1st,Jesus,D2,54636.0,7488,"CARDINAL HEALTH TELFA NON-ADHERENT DRESSING 3""x4""",CS,,42,,,,,,,,,,,,,,,,,,,,,,,,,,,,,,,,
2026-02-27,1st,Salvador ,D4,54764.0,4978,EMED SOFT-SITE TEGADERM DRESSING 112X51MM  MS-0010,EA,35000,37500,,,,,,,,,,,,,,,,,,,,,,,,,,,,,,,,
2026-02-27,1st,Cecy,Doboy,54078.0,3424,"MPM Cool Magic Gel Sheet 6.0""x8.0"" OL MP00208",EA,,2850,,,,,,,,,,,,,,,,,,,,,,,,,,,,,,,,
2026-02-27,1st,Boom,C2,54393.0,1673,BI OVERLAY # 2 - ITALY,EA,,92000,,,,,,,,,,,,,,,,,,,,,,,,,,,,,,,,
2026-02-27,1st,Faustino,Pace,53246.0,5354,12.5'' Qycell T-20 Blue Foam w/adhesive,LF,,3600,,,,,,,,,,,,,,,,,,,,,,,,,,,,,,,,
2026-02-27,1st,JUan ,Scout,54782.0,7544,"Cardinal Pouching 8.75"" Adh Dressing Natural Latex",LF,14000,78720,,,,,,,,,,,,,,,,,,,,,,,,,,,,,,,,
2026-02-27,2nd,Felix,D3,54529.0,2977,Medline Suresite 4x4.75 Bulk,CS,21,14,,,,,,,,,,,,,,,,,,,,,,,,,,,,,,,,
2026-02-27,2nd,Antonio,C2,54393.0,1673,BI OVERLAY # 2 - ITALY,EA,70000,80000,,,,,,,,,,,,,,,,,,,,,,,,,,,,,,,,
2026-02-27,2nd,Miguel,Scout,54783.0,7545,Cardinal pouching latex free warning black,LF,25200,78720,,,,,,,,,,,,,,,,,,,,,,,,,,,,,,,,
2026-02-27,2nd,Alan,Slitter,53926.0,7417,Cotton 3'' Sub,LF,112000,68600,,,,,,,,,,,,,,,,,,,,,,,,,,,,,,,,
2026-03-02,1st,Jesus,D2,54636.0,7488,"CARDINAL HEALTH TELFA NON-ADHERENT DRESSING 3""x4""",CS,,42,,,,,,,,,,,,,,,,,,,,,,,,,,,,,,,,
2026-03-02,1st,Salvador ,D4,54764.0,4978,EMED SOFT-SITE TEGADERM DRESSING 112X51MM  MS-0010,EA,35000,43750,,,,,,,,,,,,,,,,,,,,,,,,,,,,,,,,
2026-03-02,1st,Cecy,Doboy,54078.0,3424,"MPM Cool Magic Gel Sheet 6.0""x8.0"" OL MP00208",EA,,3210,job completed,,,,,,,,,,,,,,,,,,,,,,,,,,,,,,,
2026-03-02,1st,Boom,C2,54393.0,1673,BI OVERLAY # 2 - ITALY,EA,,34800,job completed,,,,,,,,,,,,,,,,,,,,,,,,,,,,,,,
2026-03-02,1st,Juan ,Scout,54783.0,7545,Cardinal pouching latex free warning black,LF,25200,65600,,,,,,,,,,,,,,,,,,,,,,,,,,,,,,,,
2026-03-02,2nd,Felix,Pace,53246.0,5354,12.5'' Qycell T-20 Blue Foam w/adhesive,LF,,3450,,,,,,,,,,,,,,,,,,,,,,,,,,,,,,,,
2026-03-02,2nd,Antonio,C2,54394.0,1674,BI OVERLAY # 2 - ITALY,EA,70000,68000,,,,,,,,,,,,,,,,,,,,,,,,,,,,,,,,
2026-03-02,2nd,Tandy,D2,54636.0,7488,CARDINAL HEALTH TELFA NON-ADHERENT DRESSING 3''X4'',CS,36,54,,,,,,,,,,,,,,,,,,,,,,,,,,,,,,,,
2026-03-02,2nd,Antonio,D4,54764.0,4978,EMED SOFT-SITETEGADERM DRESSING 112 X 51MM MS-0010,EA,35000,14600,Run for 2 hrs,,,,,,,,,,,,,,,,,,,,,,,,,,,,,,,
